id,title,summary,publication_date,district,crime_type,source,url
1,Murió un adolescente en medio de un robo en Chile: regresaba junto a su familia de celebrar el día del padre en Mendoza - Diario Río Negro,Murió un adolescente en medio de un robo en Chile: regresaba junto a su familia de celebrar el día del padre en Mendoza Diario Río Negro,2026-06-24,Sin identificar,Robo Violento,Diario Río Negro,https://news.google.com/rss/articles/CBMi-gFBVV95cUxOcXdFLV9fa0w0YzRPak9uWm9xQnd0Qy1scVdKS1BaNHItUnIxSE44YjRXcnZ0SWQ0Rl9hYzNReE50eVd4Wk83aGVVRl9yNFk2TFlKc3lHb1dTVjhPOGplbVdiSWpxeGMzeWp4WXktdDBSVlNNSXdvVzk1RHlhYlphU3h5azNuWTZZZ2syVU9Ed0QtUHIyakdsY0MzUG0yWlZYdzdzX0J5ak1YWl9Idm1VdWZ4VDYyZ0hhSkgzZHFnUjdDUjdFa04yNzdJZnd4VU5sOTJLY3NYVVRpc0dqa2xCT0pmLTlHZmZmV3JWUjhQcWo4NWdkaUFnZ1ln0gGCAkFVX3lxTE9uc1NnVDJteFQ0OTdZejh4UVpfR1BzNmw4VDFYdFdkcjFQRDhtQVhhR2lHWjhCTVNzOHVSZnM4d0xkS2tuN3NSUV94U3BPTGJ5TXV6SlVyWV9kMm11M3M3b3VfQXR4djVIZmhTX1pVNzlxRmhGRGEyckNIN0REYV8tdEFZOE1kTUVOZ2JEZlJzUTVCV3BsM1N6LURmTXdOTzJyLWtjd0hiNVYySnBXX1ktZU42YTdCc0xZOU1hcGZPZmxGc2habHhBT2Z4U1BneUNabUV5Q0RZZlBmUkFwLUE4RHpmSGZzQThjVWNHQl9QT2tmYktaU2c0a1lRSFJkcnJ0dw?oc=5
2,Muerte de niño en asalto despierta alarma en San Bernardo - Diario Presente,Muerte de niño en asalto despierta alarma en San Bernardo Diario Presente,2026-06-24,San Bernardo,Robo Violento,Diario Presente,https://news.google.com/rss/articles/CBMijwFBVV95cUxOOEtBclEtNjNrMDNPOXFBRnA4UUtUYjhrR3FPZzRXVTVMLVkzaE5zbTUyWW1RR3FjZHJkOFNPZHNjMmxHWjFESXRrN1hWN09NdU92WGZVMUNpblg2OGYwMjIyRXJ4OVNwbkpxOXV6cWNVSVpNZkxudjRjTm42TUNHTnJTQTJPQ1NzbmxwU0NEd9IBlAFBVV95cUxQeEFLeXhDQ1NVdGxiNnZGSUZFX0dWN3pDTXJqNWtHQmpZeW5aQWdXVU45TEhZVlVFalZfdHUxMUlYSlc1WTFqNVNkdi1zWG1OTEZhR05MMnJBUVJWeWhLZXBYaHp1Z0pmaFNkRjhYZzFwTkFfclBQVnRtUmN6dzhLUTl2R1pNZjNvZExrd0FpeGZOMG9P?oc=5
3,Encapuchados asaltan a mano armada a comerciante en Santiago - De Último Minuto,Encapuchados asaltan a mano armada a comerciante en Santiago De Último Minuto,2026-06-09,Santiago,Robo Violento,De Último Minuto,https://news.google.com/rss/articles/CBMie0FVX3lxTE4yOTRDWkUzNVVXVVhVZVNkSUtDQ2NQN0UtdGdwLXZKUGkxSFNtTjlGcGpQcGthdWJVaFA3NHQ1ZGZtejRIXzdNcmZTeEdtYXM5UnpFUFFoZ1VqQWdIY0QxQnB5ZGhFRHdoT0hkYW14M3dmTElWVFpvczY5bw?oc=5
4,Detienen a sujetos que robaron vehículo y posteriormente intentaron chocar a Carabineros en la RM - BioBioChile,Detienen a sujetos que robaron vehículo y posteriormente intentaron chocar a Carabineros en la RM BioBioChile,2026-06-21,Sin identificar,Robo Violento,BioBioChile,https://news.google.com/rss/articles/CBMijAJBVV95cUxQckxzQm1heU9tczlIaHVkMjMzRFpLTE1Qc2Y0VlZPWDlMeXdIbHp4akNtQ0hSLUo3MjhtZ3lxWUs0ZVV0T3czNmhuQk9QdUlvWHJteWp0czltbFp4Sm5MU1g5QVZvR2F2UktLSk9zaEtFckFkSWpCVFVnc0pvZk1KWl8tZjJRbkVzOXBKU2F6QW1qbUM1alJNZ000TGNZRWdMaFEwd0VZVE9GVThfcVp2RVVXckRkRDhuNExKWldCSFdpV3VyOXkyekROemZTVXp2NTBwV1VTakh2a09Ed1A5bHlhcmJXdnJhUGVFd2FVeTQ2TGJRUjhGUnZ0SlpvZFp1QU5pd3oxMU9aLU1m?oc=5
5,"Tenían fecha, hora y hasta dibujos: cómo cayó la banda de extranjeros que planeaba asesinato en Talca - BioBioChile","Tenían fecha, hora y hasta dibujos: cómo cayó la banda de extranjeros que planeaba asesinato en Talca BioBioChile",2026-06-11,Sin identificar,Robo Violento,BioBioChile,https://news.google.com/rss/articles/CBMiiwJBVV95cUxORnpkRURKb2d5U2YyTHBNRVNpdW1HV0tha1hqYVJXQWJ5eHZLY0U3UUZXT1JsY041WktPVWVJamc5bWJwZFBLVGl5Wk1qTXFWZmphbEZUdjZTOUJWVlZ1TmpWTnBXM2wycXRJZFlzWV9DeUo5QzZJUlZ0a29LQjM5Qy1la0xYWXBQZzFXWkJNQXlScW5rQ1pfU3Q3OTV6azZ0RUhPZkctY2k4ZVhSVm1DQ2d4TWg3YTgwUzZNWnJpMVhEOUxVVnkyOGsxS2ktZDljUUlXRDFIbXVBRm9MODIxNnlLVFVsSzRkVG5EbktldVlEZjRldGNTMTRhU3ZNOHp6Nnh0RGg4dVlfb2M?oc=5
6,Hombre sufrió asalto bajo el puente Bulnes en Santiago: fue retenido por una hora para vaciar cuentas - BioBioChile,Hombre sufrió asalto bajo el puente Bulnes en Santiago: fue retenido por una hora para vaciar cuentas BioBioChile,2026-06-05,Santiago,Robo Violento,BioBioChile,https://news.google.com/rss/articles/CBMikAJBVV95cUxNa0pxQlFKemozYngzWDdiTnBTTVRNTjhydW5vRXZpQnNWY09UWWM1T0tlRGhFeklYVjN1S1YxeTBBeEZMdmlEenhEbmNqa3JZcGJrQlFsaUlGRzVLcUNJSC14ODZvZEN5NFpKZjVheWhMTEl2b3hIY2JBaGhNYlZ6Q1lqLW0wTVdSVlZIM1lWd1pfajVRRzBETlMxZnJ6NXNyUy1BNU5fSmc4TThUN005RWw1a2VkU29aLVFlYnVnWDBfdEZPSjRoR294bkVabDRBQjVFVFV0ck9Hb2tUb3Yyelo5bWtVd240VEhfRl80eFBDQ2dXWGhiQ3lndzh6bGNVZ1VGQzFWMU96NFc3c1FWcg?oc=5
7,A balazos intentan asaltar a vendedor de láminas del Mundial en Estación Central: lo habían contactado por redes sociales - La Tercera,A balazos intentan asaltar a vendedor de láminas del Mundial en Estación Central: lo habían contactado por redes sociales La Tercera,2026-06-18,Estación Central,Robo Violento,La Tercera,https://news.google.com/rss/articles/CBMi5AFBVV95cUxQUFhicV9najl1UnBybVBkZ3loVDNWYjdBV0F6N29ON0p3ZjNJdDBDVkptaWJBbXJKNU9PeXQzRmxmc3RGSWVaNTFxNW0xc18yWk9uT2xhSm55T2tqdVVsUUtmMWpQR3NoQy1Wa0lEcTRoSUxpdlBtMnFXbUFEcUF4cVd2VDJqSVJfWkpwSWl2TVZBcXc2OVJSWTJIS2JjSV91YWo2ZTczS3ZKbFlXcWZRQVZYNlUycjVSLWV2T0d1aEc3Y3VOaGdTUXh1VDlqOVZrbDJQdmxCOVpWc1JxbUh1Zkh0NknSAYYCQVVfeXFMUDBlUGgzQTZtVUlab2lQdEkyYVg5SlE4aUVKbDRWdzhmZjJwMXVCQ3NmU1dSN1VRNHRNZ09uWWhNTWdyZWlSX0N5MGZvN2dkb2ZTQ01CWWZzOVBlLWNBUlBQc1JsNmhlaW16blJPb1IwRkVhRGY5Zzk3bktxZHJCTjNDWWxkZm51WUstdUpWMXZab1lGOURpRnJDOEluZUNBdFlVSXN0Wjdic1ZtWFZIUE4ycVlJVzh2cFFxQUVtZTRER3dnT2NlZXYtSk1qUC03eFRndFZDUk9wMWJ3dVFqQzRoaDNIZDZTN3U0dEZxOG5obVdUZkh5UnlVU1dtLXRHMWxTVWE5UQ?oc=5
8,"Quién era Alejandro, el niño de 12 años que murió arrastrado por delincuentes tras un robo en Chile - La Voz del Interior","Quién era Alejandro, el niño de 12 años que murió arrastrado por delincuentes tras un robo en Chile La Voz del Interior",2026-06-24,Sin identificar,Robo Violento,La Voz del Interior,https://news.google.com/rss/articles/CBMitAFBVV95cUxOdHVWTEUtN21aMndXUV9tSVFZczNwc2dEUV9mM0lEekl1Mlg4RWhnOWoyWnp1NlJJb1B1U3BKMVpmdUJWWGtJc1QyejZqOGJ6QTVCd0ZMWlhnM0wxZXNjOHVDSVhVZElOQnFfaUwxR1VpMVVTZG1lQWhiYTJQM2dqR3dYalVfTmVTbUdqS2F0SzVrQWp6ZW5BeVdOaUJFUl9PQW1fS3ZkUV9JeHFjOExzZGhLVDA?oc=5
9,Mujer sufre violento robo mientras paseaba a su perra en Quinta Normal: la agredieron en el suelo - BioBioChile,Mujer sufre violento robo mientras paseaba a su perra en Quinta Normal: la agredieron en el suelo BioBioChile,2026-06-09,Quinta Normal,Robo Violento,BioBioChile,https://news.google.com/rss/articles/CBMiiwJBVV95cUxNRDBudG5CY29seHE1dXNheGRISjUzbk1udFZlZkItVnRGLVVzTFBKa29LWFBidTd6ckpsb2FGSEkyTGJuLVlXRHZlSnhkd04tVkR6OXlfazV3ekZ2NDNYVHIxNWpZczg4d1lOUC16UDFYUDVyVWZLTVBVX1I4b25zX3lZNFAzbVYwREdVbk9WZG1tQ3lhdi04dkEyM1pQcC1WaGFsOUZJdnRmMHhMeXdVVmdla0RsejEwWGIxZERzLTU0cm1ZbzdQcDFHTUJfWHVxOUJraGxrcnBaN0JQZ2dQQjNMNVB2RE5zWWgwaHYyem1iSTFtLUl5T1REcDh5NVBjU3hkWWtBdlBwd2M?oc=5
10,Muere un niño de 12 años tras ser arrastrado varios kilómetros durante una ‘encerrona’ en San Bernardo - EL PAÍS,Muere un niño de 12 años tras ser arrastrado varios kilómetros durante una ‘encerrona’ en San Bernardo EL PAÍS,2026-06-23,San Bernardo,Robo Violento,EL PAÍS,https://news.google.com/rss/articles/CBMi1AFBVV95cUxNZWNFUENtN1liVEFNdEw3VUNGZXRTWEhnYkJ1WFI4cm9kcFlqZmo2TFdGemtqYVVkYnJELW5IcXFSQUl6aGJ1dmhfVW9aZzM0b0lHcjQ0RHF4VmRtWVZtaXJ3TkUwSVNwM1lMWm13RExmZno0NklNSmlCQTVER3RLX3o5R0l3bFROZER1akZEdWFfNk1JYVhRSzB2OVI4SkFPTU80XzJMSDl2QjQwWlhjRXNuNVRteUR2aTc4RUhDRUhsalpfOEp1UUZTWmRWbmlKZ3hRMNIB6AFBVV95cUxOc2FUaE1lWDVvektjOFpRb19Ebm5kYjZmcEI1aWlNZlNzSnI2RUxVOGdaQzJBRjNxXzZ2cWdOVDJ5ODNkM1NyWUNxOFRKa2ZoOTZuMFFkc2t0b0NCV0JQSTYyemhFdGJJcEVac2I3QTN2UzM4UFY5UGMwUkl0T0pBUVNMN0dJNV8wSzE4SzZKOVhLVUNMQ3FaVjFSYlhIT0dhN1FhY1hvX05YMGlzRFVMNVlsRjl5ZzhmdWp2a0wtYlpNQWoxNk1SUC1EMUdraFRXSFNLRVVhYXlBV0pyYXZTbVV1WEJyT0hm?oc=5
11,Hombre es baleado por motochorros tras resistirse al robo de su celular en pleno centro de Santiago - ADN Radio,Hombre es baleado por motochorros tras resistirse al robo de su celular en pleno centro de Santiago ADN Radio,2026-06-11,Santiago,Robo Violento,ADN Radio,https://news.google.com/rss/articles/CBMi0AFBVV95cUxNYXhzYlNERkVOTkFNQUNYRmczdkNFckNUQlJiRU8xcGRFMFR4Q0E4MnRac19SOWpMTHFRY3o5elBYOEo0VzFFTHRiYndCbm9aRkUxSTNGWUd1LU9mS2ppelFMdzRNT0tpSWYzbjhhMzVBM0lvQklWSEtHNEppT0R2VTdlZGpDM2xjOC1mZ1J0d3N1MGJjSXZIWDJqZEZ6RTF5Wk5wQnFEY1JkbUZLTGZURnZyNF9SaTgyQkFObFhUaDBmb0I3MjZFcEtJMFl5Zjd00gHkAUFVX3lxTE92ZWVhWkM4TmpLQmRnMXBfQ2o2XzhsMnBBb05iVG5rRkRjUFh1aEtoMlJ4a0ZtcE1TelhwZ0thZFZZLWlqZ2hnMjU2QzQ3aVgwNmNTTlRMWTAwNVhBRWxEYjVoT2pyajJZLVFuQTN3Zmh2YnRpRTAwbHoyMG9GaTU5a0hZcW1JeE90UGs4VVR6X1ZtRi14RW5vQWVpTUxVNGpIbUZCZFdCWDZIZkc2czR2T2ZvZ05TdWE1eVo0R0VuYUZWVkpydHlPX3A2T2pqWkJkOEpkQ0JDWGdaQ2JjMldmbjdYcg?oc=5
12,Hombre sufrió asalto bajo el puente Bulnes en Santiago: fue retenido por una hora para vaciar cuentas - Canal 9 Bío Bío Televisión,Hombre sufrió asalto bajo el puente Bulnes en Santiago: fue retenido por una hora para vaciar cuentas Canal 9 Bío Bío Televisión,2026-06-05,Santiago,Robo Violento,Canal 9 Bío Bío Televisión,https://news.google.com/rss/articles/CBMi2wFBVV95cUxNeHJqd0FHcEJ0TGttSzFOTElIeDEwaDB3UjdmLWc2VDZiVTIxY2pYMWwyaVF3RTZQUl92ZExOZmFoUko4d3EwRzczaGVZcGRnc29jbTFIWnhhN1MyNlBRaDZ6QUtjQnpPRG5OYXExeFkyTERfajVzbHpMY1ZYM3pOODhyYWtVTkFCLUt2QkVnNlVyMUhIcldDVGJkUkVXMTAxdFk0WnN3ZERLWm1icm4xLWhuY2RadEVkdHZRa015cndLX3ItLUI2UWZCQ0RMRjB0LVVWUjVnZndTM0k?oc=5
13,GPS salvó el auto: dos detenidos tras robo en Maipú - Teletrece,GPS salvó el auto: dos detenidos tras robo en Maipú Teletrece,2026-06-21,Maipú,Robo Violento,Teletrece,https://news.google.com/rss/articles/CBMimgFBVV95cUxOX1cxSkpPUXRyQTdpZm9mLU9CVGQ3YzJkOG8yQkJfWnlQTlR0VHhRZ1VYRWVIbFRxWndVeGdfaHlCTmltd1RUU05icTZMbkY0bG5fdzZUbXVGYVNxdXdGTWgxQWZ2ZUFGc1RvcXl4ejNWNzcxLW9nQ2RvYmdEeUFMM0ZLeE9VSmhkWFN1V0d2Wlp3UjA3UDRORjBR0gGaAUFVX3lxTE5fVzFKSk9RdHJBN2lmb2YtT0JUZDdjMmQ4bzJCQl9aeVBOVHRUeFFnVVhFZUhsVHFad1V4Z19oeUJOaW13VFRTTmJxNkxuRjRsbl93NlRtdUZhU3F1d0ZNaDFBZnZlQUZzVG9xeXh6M1Y3NzEtb2dDZG9iZ0R5QUwzRkt4T1VKaGRYU3VXR3ZaWndSMDdQNE5GMFE?oc=5
14,Violento portonazo en Macul: Víctima relata que fue atropellada por delincuentes tras el robo de su automóvil - Meganoticias,Violento portonazo en Macul: Víctima relata que fue atropellada por delincuentes tras el robo de su automóvil Meganoticias,2026-06-04,Macul,Portonazo,Meganoticias,https://news.google.com/rss/articles/CBMivwFBVV95cUxQa1VtX0ZhV3I0V1hJNmZKd1RBTVJZRHlWbGxBTGJhbzRPOGJLZlItTWc4cmoyNndnU21jMnN1cWtKU292bThuckxkdmFUdHdYMzdiS1VmUFd2aWxzR3EwOFpFQW1WamlGQVM2M0FyQ0RpZDJjc2hXQzZmaEF6bUpJRGlXb0JVa0pfc0hCX0dQWWNKRWFaT0c0ZnlFT1RRVmpDbnhGSHFQMGhpQXVQNUFidnM2dzczTFNTWkxka1NJb9IBxAFBVV95cUxQODVXTG9laGhtX2F2akpjZUlqci1GcFVIOHFtWi02NzVEX0c1Yms3bU9zazlNMkJzWDdkZWIwM3h2amsxNncyYnFURU9xcW1obEViRHVjNllRQ1ZsSG01S3Jwd0JIY3RaZDBJSVNtM0JKVWY5MVA0Yk91UFpZQkRrSXN0RTF3QkhLSnUyUTByQVR2dzd5a2M3bmI0VTVzdkxNTmJjUllGVFRVT2FzWlVlTWg3NTdRSHI4YWdRZkNxd3lTRE5S?oc=5
15,Nieta de Carlos Caszely sufrió violento portonazo en Peñalolén: dos menores fueron detenidos - Epicentro Chile,Nieta de Carlos Caszely sufrió violento portonazo en Peñalolén: dos menores fueron detenidos Epicentro Chile,2026-06-14,Peñalolén,Portonazo,Epicentro Chile,https://news.google.com/rss/articles/CBMizwFBVV95cUxPX3E2SVdnMzRGVlJfS3RCa3NNXzYza0pZTlh5dmdCcU9panRQLVFrbEZsazN3UDVOenhpUDNDUWNESkxERUE3N180Tzk4NjBhTEtEWWdmSE5HNXoyN0JyZk5BaFAyblJabVpXS3B3S01Cc3hPM05wUHZkTHYyWnVBdEdxQ2VqVEhheVVubElpVVlzU0NBa1Q1NFI2REE1bTVBdVNPUGZleXlJN1h2ZnE5T3BhOWhRNVZ3bWplVjJSUmQ2bnhySFE4aWw2OGdfZHM?oc=5
16,Menores detenidos por violento portonazo a nieta de Carlos Caszely quedan en internación provisoria - BioBioChile,Menores detenidos por violento portonazo a nieta de Carlos Caszely quedan en internación provisoria BioBioChile,2026-06-14,Sin identificar,Portonazo,BioBioChile,https://news.google.com/rss/articles/CBMiigJBVV95cUxOeDFERExydGNpYkpJTWhxNDNGWHhyTFBFVmhad0h1UzlhUjFWV1VQZldOM0ZzV0loZ0ZsbDB2LTRWZjB4TU1QeWpUMDhnWDBxa1VKMFB4dkZwYUQ2a1hqbUlHTVJXRVAxUllLQjl0S09JbG5mR05CZDE5bk5RdW5YQ2QyUWhwQ3VLVlVYUWY2aW4yQnFBNzdWUFdxY0d0QkZ6Y0ZNSzNHUHRwVGpHdlBxM2ZVQVFZUVVWa2RMcWV1ZmhaZWFMaC05U3JZMlB5NUptRjhBemdKbG9TalF1aVZ0RTJHcFd3MUE1RDd4ZnhWY3VzdFFBaWVyaHZsQWpRQlZPYmlQS01ueTQ5dw?oc=5
17,Nieta de Carlos Caszely sufrió violento portonazo en Peñalolén - Teletrece,Nieta de Carlos Caszely sufrió violento portonazo en Peñalolén Teletrece,2026-06-14,Peñalolén,Portonazo,Teletrece,https://news.google.com/rss/articles/CBMisAFBVV95cUxPbEsyRk94S1NIN05EZTZKLWlFRlk2RU45SldrQ284bmdHLU43MFNfSVF5ZXBBd0ZrZkR1ZTBkZ1hqRVl6b3QzdTNBamdMRFJiTzhuS2hnRTFienJOSGlsdHZtU3Y1U1lCOFdMSkFJd2JXNGNoYXRValhremhHa2QzWUhfMEt4UUdsTVlwbDFhM2lkbVZOa0pGdTR1Yy1SSDB5NlFXbzFvREtpeUxnSDhzRw?oc=5
18,Portonazo en Peñalolén termina con dos menores de edad detenidos - El Reporte Diario,Portonazo en Peñalolén termina con dos menores de edad detenidos El Reporte Diario,2026-06-14,Peñalolén,Portonazo,El Reporte Diario,https://news.google.com/rss/articles/CBMiowFBVV95cUxPcElMSzA2SEpNZ1dFNG4yV25veTFhOGJWYzA2bXM0Q044QVdDSUl4WXZWWm5iV1FNdXRGMUR0OHlvRDk4ZXNpN1JQNkljdkVzZHVScEprTmt5X285OEJzSUhCc0V0MkNRNnZhZ2FYYnNObld2S0RzNU84STlLazhCanJjMzBaTXBxZmlYdnBLa0FadlJraEMxXy05RUY3M1F3WmpV?oc=5
19,"Familia de menor asesinado en encerrona impulsa ""Ley Alejandro"" para castigar delitos en grupo - BioBioChile","Familia de menor asesinado en encerrona impulsa ""Ley Alejandro"" para castigar delitos en grupo BioBioChile",2026-06-27,Sin identificar,Encerrona,BioBioChile,https://news.google.com/rss/articles/CBMihgJBVV95cUxOa19uV2RZYWdWM0pzNWNnY1NsSFl4aERzbjZQYksyOGlYcHFJX3ZHc1JZLU5KWkNDRG1ZcmFNZTRuNUhDVUU5QnRzU1RqbENwZ3E0NndsS0lFeVJsN1RFT2JVbzRqaHdFZHlNT0V5ZzVMYW1aYktHR0FCM2htSTM4YTRvbW0yUFVBV1lKYnZCam5PZW5WU1BWdmx5WWJQUHlkWHZfVE9OVU11bDlnNDZJajhqMXowMnFKQUJqZHN6N09NUDd6Nm9ERWRmNk9lNkZNYmoyMDdYeEswN0pEYmZaWHRFU2hDdk1INjlERHhfZEpyZWlxczZzQTJWR3lIWFhybnotZWJR?oc=5
20,Detenido el cuarto implicado por la violenta ‘encerrona’ en la que murió un niño de 12 años en San Bernardo - EL PAÍS,Detenido el cuarto implicado por la violenta ‘encerrona’ en la que murió un niño de 12 años en San Bernardo EL PAÍS,2026-06-24,San Bernardo,Encerrona,EL PAÍS,https://news.google.com/rss/articles/CBMizAFBVV95cUxQcVk4R05aaDczZldYN3BLVEkxSzB3Q1VwSWViOHpjNHRWbjlfcGNLZkdhNkEzbDhSQXJQRDhDek5DMzN2c3hNbE9naWJHQkpoQzlhMFRlcVpVaWcxMFo4SUtlTnl3enZYUndvUFRYYTFRb2JMc0x5SUJ0bWZDemNhVmdvNmdJRnZLeVVESzgwb0U2bDhqd25wdWdiYUMxaGpHQ29tcWZVNVNEYV9LYzRqRWFwVFV5N3EtQmc1cUFsSU05cF9iTC1UcjNqcGTSAeABQVVfeXFMTjVTUFZKeGM1VFdPMGhSXzExQ2M0eFV0Tks3azRucXlBZ0g2ZGM2UHBYS29DSVo3MEVXVkd1TDVVdkEwQkdISHpkYkk5cTIyd3lKeWpHVFVmbzY5N1A1M040UXpwTHFCUEM4SE81aTFaaFotdkhYZUlUbVBKQXZ4ekNiQXlKRlB3Y3hTdjJkZjRLUmNZTmd2dXRjRUV2WG4xeUY5QjltcGVMUzZrb0xEdkY2Mk5QVzA5eEpOT0E5ZFh3d2dRdkpDanZZWkhhejZIMG00ZW9zRG9SRVd0ZVZra2I?oc=5
21,Capturan a sexto involucrado en encerrona con niño asesinado: será formalizado junto a quinto detenido - BioBioChile,Capturan a sexto involucrado en encerrona con niño asesinado: será formalizado junto a quinto detenido BioBioChile,2026-06-25,Sin identificar,Encerrona,BioBioChile,https://news.google.com/rss/articles/CBMihAJBVV95cUxNZWo0UjR5U25VempteHFhQzVVeFlSQzhkZGxHdnY3RG1WbF9nM0VpQXdhWlo1YkMyVXpmdU5aVmJIY2UzUHJ2M01Ib0hubk14TWlqdHpsWG5ZNHo0Tm0xVGUtcjBoN1BTT09ROUhHQmpjTmh2RElSVzhyODFxNXRzN21Sb2hsb2xqOG40UXdldXpmd01VdUx5bHh4NjVRMmlRTlVIdDFwMUd5YmJJYklOOG1yNjdkMkZsb1lsYm9WdXN1ZktVUFFBWHBaSDV1dVpoX3JjU1JQQXhuVkVTTF9GbFUyQkFoYzAxY1pXUVIyemN6Q3VZSWlQSXhGUkllLXpkV3FwZg?oc=5
22,Delincuentes chocan vehículo durante intento de encerrona en la caletera de Vespucio Norte - BioBioChile,Delincuentes chocan vehículo durante intento de encerrona en la caletera de Vespucio Norte BioBioChile,2026-06-01,Sin identificar,Encerrona,BioBioChile,https://news.google.com/rss/articles/CBMigwJBVV95cUxOUl8yUHRvUjExcnNqemE2a3lOMXVxdk9xN3B6TnNOVzE2Q0hFWDkxaE9lMmNvX0N2NVRlR2tSNDBra1JPWno4SVVXcTRUdFU5MjJIRkowOHJSbmUzV05NcDNlVS10aUd5NXpDNFczSVdFQ1FocG41SlprY2oyYWc4Zy1sbXNpODJFMUpWUVYyNWRjdWtIZ1dxNkN1UnRqeEZWT19fWkxyV1NOdlByNGFVaWpOMHNIYTZ4RWxHeWtDelM5X1picjNaU3lKSUd4X0dHNW9ST3hKLXFPb2lYb2lvaFc0RlhLcElGUVU0WmdQQ2pQWUVzd3Y0ekNJUC11Nm9faUJR?oc=5
23,Qué se sabe de muerte de niño en encerrona en San Bernardo - Teletrece,Qué se sabe de muerte de niño en encerrona en San Bernardo Teletrece,2026-06-23,San Bernardo,Encerrona,Teletrece,https://news.google.com/rss/articles/CBMiowFBVV95cUxQc0JKd2Q1UHJnQmQ0LVpwU19Za2JudXFGQUtXZzlrV1U5c1hYMlVoWHNIbHZSUktJamp5bkFWRFRxNk1RQU5fNms5WnRZUE1BNGlGdWdEZ1IyX2NjanJVa3FiR1lpeEV3ajJiY2pmSUJKdFhRRjFFSGY1TExnRnE5d0JoZFR5aVYteTVmeEdsa18yRUxTNVRibjhQOFBvNm53cy1F?oc=5
24,"Quién era Alejandro, el nene de 12 años asesinado en Chile tras una encerrona: familia mendocina y fanático de Messi - Los Andes","Quién era Alejandro, el nene de 12 años asesinado en Chile tras una encerrona: familia mendocina y fanático de Messi Los Andes",2026-06-24,Sin identificar,Encerrona,Los Andes,https://news.google.com/rss/articles/CBMi2wFBVV95cUxPeHZVMDM2NWgxYnFGaUJFU2swSDNOMlEzMWd6M0VrRFhOYzhLaDBEdmk5dXVHaGNPRDFVS1dnNlc5WTJrTDc1UjhTeGIxeU16NEtDNllJUTJhdHVva1IxV3g4eXNndnFHek1ybWZkbDBOVUVETmpFUXhjRkkxeGd1STBid2NUY09GSDNtRl9acjJLMEpjdEJjemVJNy1aWjVqV0N6aWhyWmZhdC1ocEQwakZKUk5hOVRaYWhBY3FPUDF4dWY4UlA2TURvS0xBeXhnbUdYS21Sb0pDVmM?oc=5
25,Conmoción en Chile por muerte de niño de 12 años en un brutal asalto - Infobae,Conmoción en Chile por muerte de niño de 12 años en un brutal asalto Infobae,2026-06-24,Sin identificar,Encerrona,Infobae,https://news.google.com/rss/articles/CBMixgFBVV95cUxOTlBwVnRRQWs3QXVsTy1iWV9sSUtpdGpFRnEteUYya0pTdXBJcXZSY09KZ3ZuemM4XzBKSG9ob0F6SlR0YTJyQVd6X2o1bzRJbGpXRjdxd2pva3NIOHRFdW40SGd5NWh5czR4dzBxc0x5ZTNLSDVUaXhYeWQ2Vm14WnRHSDh4U3FvS05yUDNVVTVwX1V6aDBPWXVUN3VOekZVUFdUMFl1TllHUWtLcHRWLWxkNHpSUEZwUXkxU3FNS3ZWYXZ3Z0HSAeABQVVfeXFMUHhuS3lONW5pVXk4QnFCNHlOZk1iRWhJcmU4eVNPc1dMRE5nZUdlOFhDZlNhSi1EOEVEWmtNTzRaSE9zTjIyZDdaNWtWZWRWVWFXRkRzSGZ5MW5rMGtkQmxOZ2otbTNteGdBdXItWHFFLTZ3aXlDUXp4OTMwN0tiOU9Wa1JjaXJUaGxzd3JiUTJHLTR1QUowNTFndlhrclpVODczbnpPZ0FIbWhQVXJwYnF5TW9tMGE2cmpJQ0lfV180cGFyb2hNd21sR0NUeW9TaDFMNTZBcmhZZ1pGQTRYVGo?oc=5
26,Tragedia en Santiago de Chile: niño de 12 años muere tras quedar atrapado en vehículo robado durante encerrona en San Bernardo - ICNDiario,Tragedia en Santiago de Chile: niño de 12 años muere tras quedar atrapado en vehículo robado durante encerrona en San Bernardo ICNDiario,2026-06-23,Santiago,Encerrona,ICNDiario,https://news.google.com/rss/articles/CBMiyAFBVV95cUxOTXNSc1ZJT0diR0JaOVVxYkcyV0VxeE9qNkVGbWY2cEZYNWtwbDhfa3FBNHZqN3Brd0NENThld3FBSkVrVHJLcU90TnkyTmpJSjAwcnZRbzdJckVNWWJwRjI0Njg2SmVaRzZ1T296YzU0bDUxemdIWVdBVDF1aDUweGNjY0FHSm9PU2p0Y1g4VnJSNWZqNXQ1NWhlakM0OFg2Z0ZSRE9fS1A0TTdnMkRyRldRY24wT2ktYm1RUW5DUHZHYTNDeFZ4Zg?oc=5
27,Horror en Chile: les hicieron una encerrona cuando volvían de Mendoza y mataron a un niño que no logró escapar - Los Andes,Horror en Chile: les hicieron una encerrona cuando volvían de Mendoza y mataron a un niño que no logró escapar Los Andes,2026-06-23,Sin identificar,Encerrona,Los Andes,https://news.google.com/rss/articles/CBMi3AFBVV95cUxNN2lHcEFMRmVjVFdsZW0wUGU0UkUwU2dWam9TeE5Lck1fVWVrS2E4cVZ4UDhoVzBMRkQ4S1F0ZVBiVDBhMnhQeWJUc3Nrb0NtdGJsb3BRWkduaFRuRmd6czJBbzlTWXd4dmlqM3d4SThScVRaeEdpcGhFc1Jhc0lLbTJWaWk5RzZKbENtbF80dFBRR2U4R2lQRllEQll3M1ZXTzE2LV83VkF2RElaX1IxN0tpLXFRZjBJTzcyd2FGaWZnNmZuaHNuNjJTTTlKTkFVaHFra0J4bkxGYVhI?oc=5
28,El niño de 12 años que murió en una ‘encerrona’ en San Bernardo venía de celebrar el Día del Padre en Argentina - EL PAÍS,El niño de 12 años que murió en una ‘encerrona’ en San Bernardo venía de celebrar el Día del Padre en Argentina EL PAÍS,2026-06-23,San Bernardo,Encerrona,EL PAÍS,https://news.google.com/rss/articles/CBMi5AFBVV95cUxNbXNsUlBaN2IyZDgwcE56bnhwUzNQWTdWOEQyTTlTZU4wb3ZmWXZnT0lieUFSSGc4M3ROZGh5c0EyV0w2WEx4dlJES1g0cHl6U0kyREdiTjZzc2lwYnFGbGVubmpud2RTdlA1WFk4Um1vM1k2eFI4Q1FvYkQzekZvNFRrbWM3SjRjZzdBUUxaRHZDN0pkZ053b3dRaXBUYk1uZjY4c3p2UTZTREhTdXA1WWdsc05HdEhUYVV3SGNQcVhTaHFYaXJkNzMwdXFlbElNS3hoeE9EY2hGRmdCc3BKR3NGOGTSAfgBQVVfeXFMTW95cUppMGFaM0ZJR05VZjlnem9sOTRsWjBIQkpJTG14bi1mQWp3QWtSbEJjMFN6XzdwTzBOdktlLVdSWGFIeEtDWEFzTGtTdktOTDREclViMkRRX2xpczJHQnozQmFlMjROTFZmQ2tuZllJOGNjcWJ0RGJEa0ZldXlkaGl6ZUhNVno1ZVIyc1NEUWRVc0p1UDJZY0FzMjJPRGJBbzZLZ3lRcDFyR09jV1AxMzRQRGoxN2FfeGlqRTNEUkgyeVJ1Y1NlSFV4OEVRS2wtSkR2WC1IV3FEMERBUVRyeVFVRFNlc19QUEdrLVdxUkZlS3RrWWk?oc=5
29,Niño de 12 años muere tras encerrona en San Bernardo: habría sido arrastrado durante huida de delincuentes - Canal 13,Niño de 12 años muere tras encerrona en San Bernardo: habría sido arrastrado durante huida de delincuentes Canal 13,2026-06-23,San Bernardo,Encerrona,Canal 13,https://news.google.com/rss/articles/CBMirAFBVV95cUxOV2QteUZvMnQtTUJRS20zX0tnMXVvd05POVVCb1h0NWtqUDVRY0k5ZGhQVWdZT20xbWF5LUZkTGFOLVoyelJPMmJTdEl3aXhaYjhGQW0zNHRfRkx4TVFkemlXNDZjYlJiTHhXRVNXYWk1RFBjZFJTSzNNVTNjN1UzVjhxbnBjRFZBWnFhVkJPMDZWb0ZEbWhQV2tvRmNvanhrWS14dUVmQXc5QjZs?oc=5
30,"Habría sido arrastrado por vehículo, por 3 km niño muerto en encerrona - El Informador Chile","Habría sido arrastrado por vehículo, por 3 km niño muerto en encerrona El Informador Chile",2026-06-23,Sin identificar,Encerrona,El Informador Chile,https://news.google.com/rss/articles/CBMitAFBVV95cUxQb0dxRjdjNHVDWFljc1ZEOXFiYjdRd01MVDdfdjVfekhodXFlTUpHNTR3bFNteWhiVDNiNGNZX2d2TE5OMXNFY2NyTGhXTXlNeHlpeVFfWGlZVVJkNUJiNDhpangyYUFMaWYxY2E5eTY4cGtuQ2Y2aF9JaGFKVGtqLWZEUm12T0x0Z2NwRHdsdzgxbUMxVUR6N0FNTjBmdmN6UUhwZmN0SERxU1kzdVl0dFNKSFY?oc=5
31,Detienen a dos sujetos tras violenta encerrona en Maipú: Vehículos fueron recuperados gracias a GPS - Meganoticias,Detienen a dos sujetos tras violenta encerrona en Maipú: Vehículos fueron recuperados gracias a GPS Meganoticias,2026-06-21,Maipú,Encerrona,Meganoticias,https://news.google.com/rss/articles/CBMi2gFBVV95cUxQWE9EMFNZMUVFVTZpU3VMekU3RDFrYkh3UTFSekR1X1pidl8yUXN5Rl9FdnBNdUk4SEVOZXVTUUlvczRGSzlJcnU3d2pQU3FrZzNQVXZObjVWLUxJSDJQWDc4QzVfOHVHMUNScm1KVTFYc2RzSU1CX19iYmNrMFFBUVppUldXMFBZNC1KUDI1bkpndFUxbkJPZTB2YXZBWHBJdGkyTVBlNDZPVGIzV29IOEpfbUg4ZzJNQTlqNHBDT3poUGhzcVN4TW04dkQ5RXF3bk1id0JWSHZfd9IB3wFBVV95cUxNYURZQ3ZiMy13aDBzZHlKR0ROeTVIakl5bXZsREZqOXpJLVozYm8yZ180a0VRYS1DTzR0SmdYSUZYamt2UjNFcGdzSWRnbEJocHdrTDBiSDRtTU1wczdRZU5NVFc1SjVfUTdSMi0xX2p5Q3dEY1phV3hTeTV0OTFKcWo3aE9PTzhLd1lpQ01Cd3JlNlZGX3hLSUNzcUkzSmR6SnNyV2lzem8wMXJveks0eWlSVTJTSTk4VGRGS0kwU2JJemEzdjJjLVFvSlhMdE0yZG5TZjhGRVl1LURfTDJB?oc=5
32,Pudahuel: presunta encerrona en Vespucio Norte termina con choques y gran congestión vehicular - Diario Tropezon,Pudahuel: presunta encerrona en Vespucio Norte termina con choques y gran congestión vehicular Diario Tropezon,2026-06-02,Pudahuel,Encerrona,Diario Tropezon,https://news.google.com/rss/articles/CBMi2gFBVV95cUxNempmUmc0dXhVNWQwTWdjU0F0SDJZSE1qajEwTV9zWHFlbXM0cTVzZ1NJakREeHBqcFhoeHRCVjdIaFExUXljRTJNbGR3ZmRNQ2w0ZVFtb0pvR3N4YnY0SkNqclZLMEw1bnVWcmltOXBKSDJHRmNSbGRrbWNESDBMSlBEV0hCajBnM2h4WVNNZEtGbXhVRVVsT2JQVjh2RmU3bUZoQWp4QWc5LUprR21zVDZBWGVMQlRWbk43QXBuTzlsN21oT1hZY2NIUlJ6bV84ek5MUnNobzViQQ?oc=5
33,"Volvían de Chile, sufrieron una encerrona y un niño de 12 años murió arrastrado por delincuentes - NoticiasNQN","Volvían de Chile, sufrieron una encerrona y un niño de 12 años murió arrastrado por delincuentes NoticiasNQN",2026-06-24,Sin identificar,Encerrona,NoticiasNQN,https://news.google.com/rss/articles/CBMi6AFBVV95cUxOVGZzQlZmTlp0NzVuSVF4cHhlbkNxNGRvTXFxSUxzZkpDek1OWk1WT3RrNU9jSExuNk9jZW5iWFVyTndibnRiVWZOZG9ldHNySVU3dXVCRHliSGRJRmxzdmN2RkZGSWJRYWE1bVFGWm9nRWJhSnJ4dVNzNzA4YUtvRnBrcjk1ZnVYTW5hQzhSWmNfUkRXQnd0cnhTcjBFWFN0TG1qQXJ0aGRES0didjdPYzhnRjBWV0RUWDlMN0ZCRElrZjdtcEluaVo3WldacnNWNHlsMFoxRW5oZzZtdHBzSWh0REs2OTJW0gHuAUFVX3lxTE9rX3hCb2JpWFJkNXN4dzNhU1ZNNVRFVGUwN1JKOEJSS01uenUzdGFxS1dKMi00emUycHRmR25QYk4zbnlsZkhYN1NYVkFjUFJrMm1SOVplNTRzNXl5QXBVNEV5UWZaMmlyNUFvZi1TUnV5R3JjeGU5MGZkU0Q2cHhCSWhiWkZsclYwbTFSZkxTTTBjQU9BWUhCVHoxRnBpVWs1enB3U1FORndOcmF4bU5IdlFPUWZLSDQ5VnRiR2UyaHU4RTFVQWFMeElISU1UZXFVYWFOOGRpaWVxdkZLQ3hqWHpWZTE4MXpMV2ZGUlE?oc=5
34,Arrastrado hasta morir por una ‘encerrona’: El crimen que estremece a todo Chile - La Estrella de Panamá,Arrastrado hasta morir por una ‘encerrona’: El crimen que estremece a todo Chile La Estrella de Panamá,2026-06-24,Sin identificar,Encerrona,La Estrella de Panamá,https://news.google.com/rss/articles/CBMiwgFBVV95cUxQQ3A3Vk9ycU1pTExPT2Q3dy12SWNGVlpTVnBGVU5LQzZNSnh4TVd6LTM3VGhUNzJodlc1cG9lOTQzSDFHT084VFNERjR4ZXpMdUoyb3k0Yl9rMEZRUlJWMmFReVpVU0ZnZVVKQWVkRHc4UEsxMTVIaFR3RWFCSC01dmFZcHhmU0xTejNvUkNfb2pJOW8xbUUxbDBNd0dYN2FQY0IyRFk3X1lTODNIcFE4LVRtYnZDM1A5TEFpenRSRGNJZ9IBxwFBVV95cUxNSWtvbVNackJzMTJqclE3ZVRrS0RVTUZoN2w5bmQ1eWh1NjNSYnlWS0FERkMxdU1BQms5NVU4ZFhaOXhyTW9ycFFBRWd6d0NSRUdXaGh0bmFVNDJZS242Yzc2UE1zallBYi1qSXNaSk5ocmJUUTJYZU1zZjNMVWlaVFhhY2hvUFhkeW5hVFR2UnFnQWhIYmZlSDdaZzdyVThlODZUQl9IcU9tR1VRZ2ZuTXJqX2VEdUl4MlBLc1lENHc0S0hRZUxj?oc=5
35,Ya son seis los detenidos por el crimen del pequeño Alejandro en Chile: revelan la causa de muerte - Los Andes,Ya son seis los detenidos por el crimen del pequeño Alejandro en Chile: revelan la causa de muerte Los Andes,2026-06-25,Sin identificar,Encerrona,Los Andes,https://news.google.com/rss/articles/CBMiygFBVV95cUxOLTJ2elVVX0xlRW9VWDhpNVlNZWktcGlGLUZMMWpyMGxBT2czOFNVcGZ5Y0tRdWlycEI5RDBuWFBUTjMtdVJDT2R3MVJ3d0F2ejdvTzBzalRXcldFZUgxaEEybDh1TkdUTmxnRENnZmhuNFRSU3BKLTlTaGFlRnhrYngwd2VhdmRoMlVUbkpOdHMyR1FId2NUQmNLVzNGeGIzSWpsMnY5MHlpX1pXZ094V0w1c0YwUXRYWHpNLWVrNENyLVkyWFgtTmVB?oc=5
36,Cuatro detenidos por el niño asesinado en Chile: del emotivo viaje a Mendoza a un final desolador - Los Andes,Cuatro detenidos por el niño asesinado en Chile: del emotivo viaje a Mendoza a un final desolador Los Andes,2026-06-24,Sin identificar,Encerrona,Los Andes,https://news.google.com/rss/articles/CBMixwFBVV95cUxQb0xERzV2ZmRESkhsUnQ4VnNfcTFpdnlQaFUwSU9JY18yeC1jcHZPeUxSZUhWaW1aSTdCRXZ2NFBmQ25UYXUwS0UzWjhENUJvWTg4OTA2M20tNWEyQV9jaXdJTTlQbmlGTjdGcGhuZXgtc1V4THp3bHpKdEJLMFc0Q2pnZnZPdWRZc0cwdXJ6ZHh6T3lBRGhVTnhjRjBYelFqQzgxTVpnaE52ZUNZUEhybktNU21xOE95eW4yODJYYTJjN0QtVWhz?oc=5
37,Asesinaron al hijo de 12 años de un argentino tras arrastrarlo varios kilómetros en Chile - Lv16.com.ar,Asesinaron al hijo de 12 años de un argentino tras arrastrarlo varios kilómetros en Chile Lv16.com.ar,2026-06-24,Sin identificar,Encerrona,Lv16.com.ar,https://news.google.com/rss/articles/CBMixwFBVV95cUxNX1V0YzRLN04xWGJHb2FGdnNJRTZMUXIyQk9ON055RTgzWFRWUEpadnhpUVZIa0gwX2hYVTk0aWlNV2dnNmNLa2k3VUFKTmhXa21VbUQyODNGZHlxWGo3R1BGMEVBSEJxNnBIeHUzOE0wM3JZUnFxRmRmaEFCVXQ4X0ZIUlJGQmJrd09yVnRWb21TY2pnc2NQYV8xeElmNFRJaEtVLW9XN0o5MWZGSjNVZHRLX0s0VlRVOWVWeXYwdnVFMjRycV9n?oc=5
38,Carabineros logra rápida detención de adolescentes involucrados en homicidio de niño durante una encerrona - Gobierno de Chile,Carabineros logra rápida detención de adolescentes involucrados en homicidio de niño durante una encerrona Gobierno de Chile,2026-06-24,Sin identificar,Encerrona,Gobierno de Chile,https://news.google.com/rss/articles/CBMivwFBVV95cUxOeF9VSkh0b0hZRHE2NHdHVHJNLVMxalNJUXFQd2o1RUNfWWd0dmdNR3dXdG93azA3ZC01UWNXOFpuWkxpZzBXbXkwNE9TYTE1SVJsSkVldkJ6UVMyak8yTUVQYlR4X2Nzel83NDZpeFZTcWdXMzRjek1pWUJZb3N3QUxKUnlKLWtTM3N0RTN1bEdoQ1J5Mm1NODl1ZGNoclZ6OEY4ZVRFZll1NGJSTFZIOTF5Mm1RamFFODRQSnppcw?oc=5
39,Carabineros informa un sexto detenido por la brutal encerrona de San Bernardo - Universidad de Chile,Carabineros informa un sexto detenido por la brutal encerrona de San Bernardo Universidad de Chile,2026-06-25,San Bernardo,Encerrona,Universidad de Chile,https://news.google.com/rss/articles/CBMiswFBVV95cUxNNEtJdEpVRVNiQXhJU2REcWxWcGpocU5QeVBHMmxwalA3UzlJWUJkcWFQLU82UXNYM0hYZEtickJ5WVl5dXBGblFGTS10X2dDQU1NUlF4MEdWU1hWQzlyRVNJVmdka294UFFiQWFsMTBNd19jYmc5SDM5cGg1TUZKdUNWOWpOaHFLdXdhTlh2VWZjM1l2b2NpNVNfUmYxTjZiYzA0Q1VXeGpoQWNqQ1Izd1VDNA?oc=5
40,Cae cuarto involucrado en asesinato de niño de 12 años en encerrona: lo entregó su padrastro - BioBioChile,Cae cuarto involucrado en asesinato de niño de 12 años en encerrona: lo entregó su padrastro BioBioChile,2026-06-24,Sin identificar,Encerrona,BioBioChile,https://news.google.com/rss/articles/CBMihAJBVV95cUxOMG5WeGxRSUo5bW1QbkxPRUZHY0pKaVdNWjVzclNpWHl3VXRPOElEb3J1bjI3eE9SZ2loZXowa0RNUmFfTzBrb2xJMVdJVEFxSWY3SWhqYWd2THJKdXI5ZFdpZFZuU1JPUDJvbHgwSVpTTXE0aHRQZVhBaUZhVmwzODZoQldpN01ueTVORnE2dkVwLWFpZVBRRVF3Z3M5UXgwZTZHV25lQ204RmJMVGxXc2J0Qm14MHBWVldPZTZHUEl5SUI0OEZTV2RXMUFNOS01bUhEOXotUTUtTHNZdnpwa0YxT2Rqb01jYmh1ellfanpBM3lBQl9kSXpRa2x3UnBTaGxfUw?oc=5
41,Detenidos los seis involucrados en encerrona con niño asesinado en San Bernardo - cronicadigital.cl,Detenidos los seis involucrados en encerrona con niño asesinado en San Bernardo cronicadigital.cl,2026-06-25,San Bernardo,Encerrona,cronicadigital.cl,https://news.google.com/rss/articles/CBMiqgFBVV95cUxNY3liMGxUSGk0VVRsZzV1dXI1SG1oZnlHNVlSMS1BT2JzOEplZ3dLMTJSbUU0V2hReXJzUFBMbHk4M3M3amdfbVFoMDRFUHRhUzROVUM1ZGwyRTVvaVpBWkZtYjRySW14MWFwakdIM3ZKQWxhakxrc2hUUmpPaVdPVjNGbXRycUppSnRFaVVZcjBIWnFTcnZqRDhMV0lYMzY0WkxPTXhKTDBXZw?oc=5
42,Carabineros confirma sexto detenido por encerrona que le costó la vida a un niño de 12 años en San Bernardo - La Nación,Carabineros confirma sexto detenido por encerrona que le costó la vida a un niño de 12 años en San Bernardo La Nación,2026-06-25,San Bernardo,Encerrona,La Nación,https://news.google.com/rss/articles/CBMizAFBVV95cUxQMkN3ZEViQS15UWFfeFo2ZjNRZmJKNHdNTUl4ZHhnNXBOdFRDbDQ2R2xab2puN2RsMVRSWHV5Mng1U2t3Q29mcDNwWklLTzJRSXVhLWVKdTZWRGxnNmVtSWtQMk5sMmpKVVMtcUkxRVNWaXJHa091NFBZSF9WU0dTN2JaclJxSmROLVlSMGZ5SmZ1c2EtRTRWTlZFcE5iUHpVYkVnTlBzbG55dVhEYTFxMHBsWldra3lIVnh3VHVRZ1FNRXdCQm50ZUV5WXA?oc=5
43,Dos menores de edad son detenidos tras intentar una encerrona a carabineros de franco en Camino a Melipilla con Santa Marta - Diario La Batalla de Maipú,Dos menores de edad son detenidos tras intentar una encerrona a carabineros de franco en Camino a Melipilla con Santa Marta Diario La Batalla de Maipú,2026-06-24,Maipú,Encerrona,Diario La Batalla de Maipú,https://news.google.com/rss/articles/CBMi4wFBVV95cUxQS2tYMTR6bThZZVhaMnR4NlJQR1ROYzBPRTNOcmFNX1ZReUJPaXdvNlFiXzlleU4ta2xoM3pBRW1tR09PX1Nramt3U29MY295QmE4SXVkelhlRWJBN1h4cUhFV2tmMGdTbkYxZVgxSTlqdzdrSjg3SnlENDJxRVFPanVieWpZLU9CYWxtcFpGbXVrcWtzVTl4MXgtUzdvRWJKWWszeThMd2U0czJpZ19JQWt6SFRicXRCTHBXMHlxMWZ2VlB1aVdzbVg5bkFKQXh4cWlaN1dlVWI5Q2VZWndZVFJRaw?oc=5
44,Uno tenía tarjetas de víctima de asalto previo y el otro está confeso: Quiénes son los nuevos detenidos por fatal encerrona en San Bernardo - Teletrece,Uno tenía tarjetas de víctima de asalto previo y el otro está confeso: Quiénes son los nuevos detenidos por fatal encerrona en San Bernardo Teletrece,2026-06-25,San Bernardo,Encerrona,Teletrece,https://news.google.com/rss/articles/CBMixgFBVV95cUxQVzB0bE5rWjN3OVp1ODVDUXk1Qk5ibG5yY3o5UEZ6MndaOTRnaks3N1o2QmZtRG9FX0dSMmFMdFZjajNHNTZ3aktibXpxaW5tSldaTlBBZENiWk5KQlhOMFFRSUd5Ync0dDJZWGJkT05xb01OS0JMMW1kUXdWNWdTS3ZWS0hFMEVORE9XZmFISm1EWTJNUFFycWdzUlpNQktUNnVURl92SUFlX0U1b2lzMnJhLW5ycUFRUE53dXo4ZzY2SWFTTkHSAcYBQVVfeXFMUFcwdGxOa1ozdzladTg1Q1F5NUJOYmxucmN6OVBGejJ3Wjk0Z2pLNzdaNkJmbURvRV9HUjJhTHRWY2ozRzU2d2pLYm16cWlubUpXWk5QQWRDYlpOSkJYTjBRUUlHeWJ3NHQyWVhiZE9OcW9NTktCTDFtZFF3VjVnU0t2VktIRTBFTkRPV2ZhSEptRFkyTVBRcnFnc1JaTUJLVDZ1VEZfdklBZV9FNW9pczJyYS1ucnFBUVBOd3V6OGc2NklhU05B?oc=5
45,Se completa detención de un sexto involucrado en muerte de niño de 12 años durante una encerrona - Gobierno de Chile,Se completa detención de un sexto involucrado en muerte de niño de 12 años durante una encerrona Gobierno de Chile,2026-06-25,Sin identificar,Encerrona,Gobierno de Chile,https://news.google.com/rss/articles/CBMiowFBVV95cUxPTVJaX3BTaXBGd0M1azVZWks2V3pDV0lGUHdJSXFER2VLNHJRWmlIbjM2T1RmUEhSX0poTXpyZXlzRnR1WWp6ZFJPd2MzUFV1eFMyeXNvZ2dFQkgtSmlYc2xDUWZUbkZtdVFtUFBHTEFPaWtKSGJfUWltT0tLR0hnMXdXaUdpZUNkVldtRVZmTmFJbFV3MFZWVnRkc0ZQSWVTajFV?oc=5
46,Buscan al último integrante de la banda: ya son seis los detenidos por la fatal en encerrona en San Bernardo - ADN Radio,Buscan al último integrante de la banda: ya son seis los detenidos por la fatal en encerrona en San Bernardo ADN Radio,2026-06-25,San Bernardo,Encerrona,ADN Radio,https://news.google.com/rss/articles/CBMi2wFBVV95cUxOVXowZHRzbDFSd1JFLUJibEJWdlZWS2ROY1FKOEI3cTBGSmdKVmtUUW10OV9KbFFtVlZkby1fQndBbnJURG5yYXpZZzNyQjN6a2IzWHBYZWhEeldOQmFyN25tYmtRblJEX0R5Y29HdXdFM2VIR0FlT3pYbi12VGVfSURpVmY2Y1VTa1BvRnJQOUs4VEdaMUt1TmFLM2l4Zk9ucFNHaVRCNTFrNERzY0lDaURfeGlFX1ZXNHRxRlVNZXVVLWo1c0VzZUFhWWFUX3pTeFBpVlF5Xy1NdmfSAe8BQVVfeXFMUDA0cUFTNkdkWWdHTlVFQlVpeDBIVFE0V0NNZ2ZWempoM05MekN3bW05SENLdlpCUDN6bGduY1dyRExMTlJ6alVtSXpNaFJXUVdjbG4taENnVGNRd1NzeVhjUFlYSmtDN3gzclI2Qmx5bmpQTzNLd3p5djNSWm9GYkh0aDc3YVVOc1hQZGJldnpVcmtkWGRuT3FsZzg4alB1Nmt5d3psYTV0WlByRmg0emRrR3lSNGhvSGd1a1pQXzV1V2xLaXRIcFREbl9JV1dHcERDVU9fX1c1VUFnTmFGX3JxS0JLZmdEQThYMEVmLU0?oc=5
47,Adolescentes fueron detenidos en Maipú al intentar hacer “encerrona” a Carabineros - Página 7,Adolescentes fueron detenidos en Maipú al intentar hacer “encerrona” a Carabineros Página 7,2026-06-24,Maipú,Encerrona,Página 7,https://news.google.com/rss/articles/CBMitgFBVV95cUxNU3hOcGUtb1JtY25BMW5lTVFkdW54YWx5RFBobmpBYlpkLXVFVVlRMVNFWENRbmE4bnEtMEY2aFFFMnVIbVJqeHZTZS11cWVubktpMHNpbU9ILXBqNTdxcmdLYnVMM09JTGd2dzJPc0NiQUtwenJ1REk5am5GbkQ1TGJ5U25XaDc3WEV2NFlCTTZjbDVYd3ZoZWJOVzJaX3lqY3dnUmQ3NGNjdEVKTjFnX2VISmZqUdIBuwFBVV95cUxQek84NHN6SUZSWko2eG9XZEhHTGw3clFuM04taFRGeDBnYUp2VVpWRDE5ZzRIbnpiLW9BNVozTGpDcTA1VmVvLXFFZ0ktYnBpUHFGOXl5VFhFdzhNRGFpS0dXdTRSYUpIa2d0TzFpRzlYLURIUHhwc2wybnNFM0o5UWdtMmJNN0JuZ01XV2hPN2xweW5iVEZKWDZVdm5qZk1RNVlkY09JZFlsZWhfMmh6MlVhc05aRUpLenM0?oc=5
48,Encerrona frustrada en Maipú: dos menores detenidos - La Voz de Maipú,Encerrona frustrada en Maipú: dos menores detenidos La Voz de Maipú,2026-06-24,Maipú,Encerrona,La Voz de Maipú,https://news.google.com/rss/articles/CBMikAFBVV95cUxPTDRBekxxYzE2WFFkalRDNjBpOFNwTGR4VHh4aUhNZFo3TGJpY3hvbkVoQU1FRVhnTE1VOFd2SjNzVHVXQS1qYzFwcFNpN1hXRGphMGh6cm1hTkk4X0VRVjloMHlnNE56QkdmNkVpTGRqRTdQZ09PVGhFdDU4c295aHNOZmd5VENoYTZuRzhNbVI?oc=5
49,Detienen a dos menores tras encerrona frustrada a carabineros de franco en Maipú: acumulaban más de 20 detenciones - La Tercera,Detienen a dos menores tras encerrona frustrada a carabineros de franco en Maipú: acumulaban más de 20 detenciones La Tercera,2026-06-24,Maipú,Encerrona,La Tercera,https://news.google.com/rss/articles/CBMi7gFBVV95cUxOVndaMTd5aWF2eGExaVdCZmZqUmtnWm5xME81N281S1ZIOHFiNVNENFkzRWhVSVNmXzFMTnl5T3E1NDRjZnE4WDN0ek1PRjFCRG81ZmdDRHZJbnRaSE5pbzR3aXVsUlN3SWNPT0h0aUJkTEo0dWlLYTdKVko1dFBNNmc4NElsb3U0R193X0YxSEU5XzRqVFBFY2xLU0JuLVo3Y1l5Ri1lVUg3SF80S3F0LUsxQXUtNDVGeWJxS1duQ3NvcjhYWFhEdWI1Y2hEZUFtY2JUemhhN3BfVEM0RW01N2pQX1FnOXZUOS1meHh30gGPAkFVX3lxTE5ld1pXOHNRSlRETmZpM0x0RTVtOVlQQTFaZGxQaTBzRWRVOVBvOVlXN0g4cDdfSnZTMkk3TTQxZnZ4cWkzeDRYNjBqYS1GNHhaVTZzbEh5ZmhXMHpkcnNPM1NqUDZCRVB6TnBZODFJYXhNVWJDN3NHcmFGZkFhNjhiZnltZUV4eXcwOWRfMFVpZ05fT2ZRb2g2ekhZcDBDV29hNXFZVUZsQ3RRRzJLYmV6Qy1vdktlZmpmSzNsM2kyYTFnVjB2X21LWUJrV0M3YzBYM25HT2I2Y0Z6YUF2enJ3U2xIaVp0cEFSVGs1NzM1QmI4TndIN0I0aWQzOEdWNUhDb1czU1JhV055VXpTVFk?oc=5
50,Se confirma un sexto detenido por encerrona que terminó con el fallecimiento de niño de 12 años en San Bernardo - Meganoticias,Se confirma un sexto detenido por encerrona que terminó con el fallecimiento de niño de 12 años en San Bernardo Meganoticias,2026-06-25,San Bernardo,Encerrona,Meganoticias,https://news.google.com/rss/articles/CBMi1AFBVV95cUxNWjVOVjExTDZ1T0Exems1c29xZmd1eWJLV3hTTDlwSklFN1FoRFd5U1lLVWg0amMxOUtDdjFhTktDOXZjSmxsLW1RZG1TVVI0dUp4SFBKNW10VlIyckdXUGttejM3YmYweUhOSVJwc3hnNGE3VTh6UTY2QUtINEd2a2JERnpMZWFHM0M3eVhSV2lFZE5MY08zN2RnZVNRRkxzX1ZfRFRoZ0F2UVpLVWkybE1rRUpKckZDUVlrekt2S3pBQklrOWZvQXhEN2dzcUVuRkYwRtIB2gFBVV95cUxPc2hNMWhxY3A1cVFqV3lLanR0WTROM09nOEhhQUJUYU9GeXh1a2s4QUFfU0tpUjBlNkx6aklNUHRJbl9jTGVkZ1FsLUY5dzdpRjUtSjF0SVNBWFpRUFY5OHl0OUt3ZXMtbGxDN2RlMlpJT0xsVzB1blp5U19FenlSNjJ4QTA3b0E3eHNrS3plakRCbXZIck9ONnBkZUZwaHRIQ0h1ZnhaQ2huejZkRzVxajM2cWN1ZGNlNmJ6VjFZb0hjcV9VaW1HbGVNNDJ4TGpnWndJMUQ0Z2pPQQ?oc=5
51,Tiene 17 años y lo entregó su padrastro: Carabineros publica imágenes del cuarto detenido por fatal encerrona en San Bernardo - ADN Radio,Tiene 17 años y lo entregó su padrastro: Carabineros publica imágenes del cuarto detenido por fatal encerrona en San Bernardo ADN Radio,2026-06-24,San Bernardo,Encerrona,ADN Radio,https://news.google.com/rss/articles/CBMi8gFBVV95cUxQWm0yNEI3MGdEQS1WUXBrb2c3TG1BSTc2SjdRVHFhRWZlMjBDOEFKTDhpc05SNGFQOXBLR1hRV1FqVkFBZ21hZDd0cXZRTUlnOFNKYkdaLUlwZlJSczRDV0ZiTmRVWWJnTW9sX1E4R3Y3Rnc0cC05QWtPNXB2TFNpMGtXUEpHTnJocTJzV3I3VTEtcWVlOUVoMjM3Ml9sUzJ6dXhnM05WRGFSUFZVM2hoc2hLMzlJckVSSUkzYmpwSC11UjdRbWwyVFkxcjY2b1cwRkxEb3BVVGRoQnpya2R5SnkyV1dXN2VKem5VbHFldFFMZ9IBhgJBVV95cUxNNHJjYkhNNWpUWW8tWEdTT1FDSlA3OWducHpsLS1rODh0c1RWbDE4QXBJcjhwYk0wY1YzT3BUdFZRNHhWcTctOGxrSHZiVXNRSTJ2eFl4RmJxVU9WQ2xsYTAydlVTR21PSUdLX3pBSWFxcl9YMTh6QVZCZnFzUW92ZVdoUVB1ZzRBZnhQdHpYVndkT1VDWnlOVG56U1N1QWdvTmhXUWEybnRwSWJ3QnFLWWRQYU9HU1I4c2ZWN2YyUTBrY2RoakgxOEdYVWlSSEh0bkVIbnhNUVFkY1ByVEVzd3ktX0FpS1pLVVRnRUlCaHBnZnNWdjNNNXZSUkk2QjlXMGpkVmlB?oc=5
52,[VIDEO] Aumentan a tres los detenidos en el homicidio de niño de 12 años tras encerrona en San Bernardo - Chicureo Hoy,[VIDEO] Aumentan a tres los detenidos en el homicidio de niño de 12 años tras encerrona en San Bernardo Chicureo Hoy,2026-06-24,San Bernardo,Encerrona,Chicureo Hoy,https://news.google.com/rss/articles/CBMizwFBVV95cUxNYmFOcXpkQ0ZIalZRZE1lVGpySHBITDJNMHZvZWJPN1llSVY5Q0xrNWZmY0tuVk9VOFphZ09GSjJhN2NOX0RuS3Z1TlVuVWtNUVhWZE5CblVaUDN5eHZLdm5oRDY0aXhsZWJTdDYxNnpkLUd5MERYUm4yVlZWVjRMbFBTNTdnUnlhR3Q3eUMzVHo0Q2xQaEVuVVNxZWpBQjQ2YnBOeDBpa040eGs5VnR0dVRvN3NRME01R3hmdGplakxUNzJMZld4bnhJTXNtMnc?oc=5
53,Muerte de niño tras encerrona en San Bernardo: decretan prisión preventiva para los dos últimos detenidos - La Nación,Muerte de niño tras encerrona en San Bernardo: decretan prisión preventiva para los dos últimos detenidos La Nación,2026-06-25,San Bernardo,Encerrona,La Nación,https://news.google.com/rss/articles/CBMiyAFBVV95cUxPOU11bnh2Uy1JaUpwNXhYbHBWYk44d2NmbVBGMlNyeXB0ck12SkpvYkIxSFVkdFlvSjhuZzE0VS1ndzh5RjUyc3hkNUFmZEhYWmdEcHAxMktxNE13SW1ENWhYcUtxTmtwMEpTbzN2RVVYUE1DV0ZOdXhjX1lqUE1COEQxTnpmNmIxN3ZIdDc2dUdaYm5HaHdyOGpJY0VHQm5odEhNdDlFWS12aEFyeURNMnRabVFULXRMTm9KQ1c2c09Ga3E4cUZURg?oc=5
54,El prontuario del cuarto detenido por fatal encerrona en San Bernardo: Pertenecía a programa de prevención social - Sabes.cl,El prontuario del cuarto detenido por fatal encerrona en San Bernardo: Pertenecía a programa de prevención social Sabes.cl,2026-06-24,San Bernardo,Encerrona,Sabes.cl,https://news.google.com/rss/articles/CBMi2AFBVV95cUxONU1pV0RBWDkwSDRpMFpmZVVrV19oT3pmWXAtOUx5UnhMaVJIQkR5OVFNX210VDAtRFNTQzg3emVCUVFMSlVLYjFXSTFKaEVQUE9CR2tIYk5qZVBaN2hSOTlIaTQ5elczQnF2T0ZsU2t3ajJVS2ZvUE5WMl82anVzOTE1VndwSGxSZmlmdGh2WU9zT3NQQ0tzTHEtX0xMME5FVGt6ZG1fWndWV0ZuUFQyYXpFYkhjQ0VfRmlSSkhSemR2eTFZUG54dmdHc1MtUlUtb1NsX3BxX1g?oc=5
55,Allanamientos en San Bernardo dejan dos detenidos por fatal encerrona a niño de 12 años - Radio Agricultura,Allanamientos en San Bernardo dejan dos detenidos por fatal encerrona a niño de 12 años Radio Agricultura,2026-06-23,San Bernardo,Encerrona,Radio Agricultura,https://news.google.com/rss/articles/CBMi4AFBVV95cUxNTHlXS3RaT05QR3ZmUzR6REpEOURLWi1QdDhMb25IaDRHM185cUVIcVR6NTNkVHdkN1J6M05EMFpIbEpvNEFTOXdOSWtEbGkyQl9PYnRSRW52YVJudWNKNGpKR3lWTkF6c3lwUTBSeWxqUDR5a3Ytblo4ZXpNUGlTUFYxRzNndWVNOHRoLUNzMHZ0dGRwOUtMNG9Xb1hLaEhYcUFJa3pBRE9sLXhGaHduLTBhWWc3UjNaaElsVGNBc0d6aW9Db2NRcnR5ZHJuMkZIZjd3WkFFMVhFTmZJQnhvTQ?oc=5
56,Aumentan a tres los detenidos por asesinato de niño de 12 años durante encerrona en San Bernardo - Radio Agricultura,Aumentan a tres los detenidos por asesinato de niño de 12 años durante encerrona en San Bernardo Radio Agricultura,2026-06-23,San Bernardo,Encerrona,Radio Agricultura,https://news.google.com/rss/articles/CBMi7AFBVV95cUxNVnRyZThYbUNNSUVZeVNZbURfSTJCcDBJZmk2dmd3NkZhU1VXWlRtWUlCQzZBUWVPUzFTZWN6VnhsdF9YQjMwcDdTUVNQUC1TNm9wYW85SFFyLWppSnF2LWJYZm1VNDdYSlRRbEQ5MnZ3QzN6clZVZTRobElaRDhhMXlZNjZZbU12N3IxbENCUm5mczhvLXNUbW9xTklHYVpNcDMtN2xocHk5cW5jRTVDQ1FQZFlBcTJFZzF4eWt5aFJkZF9sOTNtQVBMdFkxTGJtcmtGbkpGQmhQY1RsVm1tMGxGcWt1aGZEUjlPQg?oc=5
57,Carabineros confirma detención de sexto involucrado en encerrona donde murió niño de 12 años en San Bernardo - MSN,Carabineros confirma detención de sexto involucrado en encerrona donde murió niño de 12 años en San Bernardo MSN,2026-06-26,San Bernardo,Encerrona,MSN,https://news.google.com/rss/articles/CBMiowNBVV95cUxPNC1RU0szUUZfYzJvZDI5dFlnTVU1V0lid0VlSVlIU2FNdk1pSUoycHNCOGRDaThkak5UNmZKejgzX2Z3RnNuMW5CR0p2dHZNTUozVXdjX05QdnZsVEVPMVNybVA1cEFxVEVtQVhmZUctcW43d0Y2UDZHWV96aWszcjdVMndJRk4xYVVYMC1ycTJwZ2g5UXBSbVZtWlB0aXQ3Z2pqZ1phc3U0Vjh2bHZ1aDREWkwzWXdwX1RLTldEMEhTWWR5N1ZueS1GMXc3N01oZ29Qd0tKY0JyNHdxSUFQbVZHS2VJOUUtMmh2aDVVb2NNTkVGNlB1SWxfWW1aZkZEM0tQc0ZBYk52dkE2eGRVVkJZaTVKZEFUS2wwQUg1ZHlFeWdsLU1FUC1JRFMyaTh5VnhBME1ybEpxNUN4RW05ZktKOFZ5SVdYbGxyMENzandCZGRqTVI0TklfUkQzbnVjS1dEdmVLc3JDU3lLS05DTlQ2RWR5WHY4Wkk4R1Frak4ydHh0UjVrdUJKNlBkZ2xjWlV2LURLWnFfcHNxYUhqTmxjSQ?oc=5
58,Carabineros confirma seis detenidos por encerrona que terminó con la muerte de un niño en San Bernardo - Panorama Noticioso,Carabineros confirma seis detenidos por encerrona que terminó con la muerte de un niño en San Bernardo Panorama Noticioso,2026-06-25,San Bernardo,Encerrona,Panorama Noticioso,https://news.google.com/rss/articles/CBMi0gFBVV95cUxQUWhnQW1aY2FuNFQxRDVZYUoyZW5tWFQ4dTB5aDRYUmR3RDBQVzZabEZVYnBEYmRGbUpUTTM0OFlZUzlJWGZiUkpLREpMYTIyaFNqeUhjd09xVEVaM21lY0ZzeXhoZXRCMjduMzR5OXNNMUtuVVJ2NlRrUHI0ZjVLSHkzZUk3bnU3czBGc2xqZDhmUkhGdk1IbEkxcTR4WDBhN2xoQUtxcFFXZlo4S2lhZWNEbFdmaGFjTnZzZHZaM0FMQ3ZaMFE2alFBLUlFQkdqa0E?oc=5
59,Hay tres detenidos tras fatal encerrona de San Bernardo - analizamaule.cl,Hay tres detenidos tras fatal encerrona de San Bernardo analizamaule.cl,2026-06-24,San Bernardo,Encerrona,analizamaule.cl,https://news.google.com/rss/articles/CBMihwFBVV95cUxOMVdOaU5DcV9nX3lvSFJydmlicmVGSGw5Ymo5RDd3NldxRlJldTRkRmpBWThzYUt5RzlxZzRhVmw2R3ZNSDZKSU1lelFpSWVaX0RjTjdtSDZ6X05XMWRHZ3lVNVB3WHBjRWZIeUJLN2tQd1M1OFNOMGNpVTZsaldocy0yc2JHUVU?oc=5
60,Operativo de Carabineros deja dos detenidos por la encerrona que causó la muerte de un niño de 12 años - Epicentro Chile,Operativo de Carabineros deja dos detenidos por la encerrona que causó la muerte de un niño de 12 años Epicentro Chile,2026-06-23,Sin identificar,Encerrona,Epicentro Chile,https://news.google.com/rss/articles/CBMi3gFBVV95cUxQTDZlem9oRmVXRndnTDhsNWhyZXdxM3JmdllUYl9yWC1aWUNHSFFkMXVoT1FxeFVZdVZGMkxPYmxDbFpIUkd5WjRQYjJVUkN0bWN4NE02aHduVm84ZmRiMmZPUzc0QUpub3cyZVFoU1gxTFZlLUFtSmNKVTBWQlhxWjNZRzZGekE1empYaU9qU3RaOGRRanhwWDVRdEd6Zy1vcG45WVQ5VUJyOVRhaGE2UmpDY0JDY1B3Q01hTnlMR05xSzFFN2Rkb2RpMWVpTUVKUC0wOXFHN2Y4TnhRcVE?oc=5
61,Balacera tras presunto secuestro en Santiago deja un muerto y tres detenidos - La Tercera,Balacera tras presunto secuestro en Santiago deja un muerto y tres detenidos La Tercera,2026-05-31,Santiago,Homicidio,La Tercera,https://news.google.com/rss/articles/CBMivAFBVV95cUxOcE9zeHZjcEYwUXVGZ01IZFlEVmVHbTA4d3ZUS09TTTNwRkdjTVo3M1c4aWY3bjlRczdMSlZ1NjlELTBJb2labVRJMlJTZGktU1lLT3RsQU50dVY0Q0lqVXpwMUIzTnI1WlZCaFNmcGo4eUU2c082dE0wa09VWXd0QXozdklyY3hEQlc2TExrUENuTlREYmRBZ3lSaGM1NFRVQmVlUmZoMHNuTVJ5aEdrZGFXbGw4VWt0VW5ZMdIB3gFBVV95cUxQU2QzdHRrMkViM1V4NFdJYlN4Wk5rTk0xcXBLSTI5OE4xRlRHYkd3VEo0RTRJNVF3eGo4eUd3bktvMTJULUk1R3BvejA2Wkw2Z05lNlY2Z1dyUGhKd0hUdjF5aFNxcmNUNm5TUzlINkJxWjlfV3hrWlRGQ0xUVHdvT0dWS0xBYmlkYXp1LXdqdi1reThJVFFDd2ZHZjZ4eU1QMVhVVldBOEVTSkhyZE15TEt1Zm83Mk83eXRLcjdpQWUzUjBpNmU4eFEwdWk2V2hEdk9RSWRWbG93WktlNlE?oc=5
62,Asesinato en La Florida: hombre muere baleado por sujetos que se desplazaban en varios vehículos - BioBioChile,Asesinato en La Florida: hombre muere baleado por sujetos que se desplazaban en varios vehículos BioBioChile,2026-06-24,La Florida,Homicidio,BioBioChile,https://news.google.com/rss/articles/CBMiigJBVV95cUxQa3EzSTd3b2hPTVZVcW82VkUzQktSdl96b1hLV1FRUjlaa0xnNUhIN09lTGJZbFdSbWZISi1HNFIxWUliY2dUSXF3dW9NSWU0b3FZQVJFVk5MWGRNNkdWTk02bUhwVW9vbkZ4d25jSFhmLVJmMjhtWkZ6alBRWTFDeUNRem9tZnMyYTJMekRfcjU5Z052c2NkX1hSalV1bVlOQ3RtZElZbnR1QzFlemRGYzJwZXlpNDEwZzYydmVrTXdSdXFnVF94NVQ5QTZNeHZIRlpSUTVvdTY1NE1vcWZ3Zjkyc1VWS0JwQUxXUTFtUzFJbVNoUTBDME9YM1RrSjlFQmhOOEtVbHMydw?oc=5
63,Carabineros detiene a presunto autor de homicidio en El Bosque: habría confesado el crimen - La Tercera,Carabineros detiene a presunto autor de homicidio en El Bosque: habría confesado el crimen La Tercera,2026-06-07,El Bosque,Homicidio,La Tercera,https://news.google.com/rss/articles/CBMizgFBVV95cUxPTjNzRnhOVEx3UVdCSUhEOGRrMFN1TXZyaXl3bHpBeXJBM0t0eGxkb0lyXzNaMFNKWmtuU0JIdDk3MUQ0YURMWm9JaTlqUDFpSkd3NFR5MW5MSHhsQkxDemNSRVk2YTdfcHFDemxSZEdVVnNxWlJKUzVXeE1Kenh2U0dRMHEtWVhxeml1azVzUTQ5SHhjczQ5TzdRSTQweUNGV21BM21zaEhEakx0X1Bib2lPOU4wUmF3d0MxUkZOcFlhMkh5MUNkeFdCSGtkQdIB7wFBVV95cUxPWjBkVmFtVC1Pd0Y4Q1BmSmdLMUNiZ2lFckhmRS11c2d6WkduY1RHZG5ORXRSaEZ0MFBfRVExVTRhNEhJSkk5dnlYTnQ4Y3ZHQ2FvWDlzZVJ2UGhjdzhOckhKVGVXX1QteG9TcXlDM29OZnZJZF83b1BGSXVLakh2NjVHd0FYM3ljNVFkTml5YUhleVRmNTc3a0R6dlRMbWR0d21rREZfOWllYk9ySkZGTENhOU9hT3RLeVBWRU84Y0k3TVF6Wk9uRms3dl9zY2lBbHl0YjI2VDByMEk2NTlrd1A1S0xqeFhxSVBQRkFWcw?oc=5
64,Riña en cárcel Santiago Sur termina en asesinato: interno murió apuñalado en el cuello - BioBioChile,Riña en cárcel Santiago Sur termina en asesinato: interno murió apuñalado en el cuello BioBioChile,2026-06-16,Santiago,Homicidio,BioBioChile,https://news.google.com/rss/articles/CBMi_AFBVV95cUxQNzFoVUUzQjEteHhOS2NiSkdhWUhhUGpOaUk3UUE2TEhlUk1DUFY4aXZld3NPeXBKanRTdkJ2RXROMnJaNkxDZlNuRGZIWlBPMFQ4dWRGSEZnTDVqbDYtMU9LdVpwVUJtNTBtNEVoQ0ZvSWxIRHBCZzRlOWVMbTBuVHA4R09mWnF1WW9FaE5KTDJZX05jLXIxVk55Y1RjNU5TSzVwdmx3bVZJWmtTclVxd3Fxc0YwWHlXYUFKZ29hdDg0U09TXzVSd1djYnh5d0ZiU0lhMjNmYnhqU2pmRVBKUmhvdElrRVExcjJkNjZXY2RVdEV0Mk9VaW9pNmc?oc=5
65,Balacera frente a centro juvenil en La Florida dejó un muerto y un adolescente herido - BioBioChile,Balacera frente a centro juvenil en La Florida dejó un muerto y un adolescente herido BioBioChile,2026-06-20,La Florida,Homicidio,BioBioChile,https://news.google.com/rss/articles/CBMi_AFBVV95cUxNenFOUzRMbzVIZUEtZDM3Sldxc1pmdWFPdjI3S19SejhURmpUNE5JSm5kOGxMcy1tR2R6OWMtY0JkTUtGdTRkc2FNTmg2U2VSUFMwN0xzWUM1RTJrRC1NMG51aEdUdkQ1aEtTZjI4MVF6QmU0M1BaVUJDYjR2SUZQZTZDb1JELXhhcmZfdEtCLTVBM3VXT0JhQ25yVjRERkZQRU1xcGQ5RkNFOGdoSTdxZm9LZWljU0dISkcwTjhkdjlUeHBTVHFaaUwxTFY2ZklpZjg2TmJhdnJPN3ZGZkMyd1RFWnlJbWtVaE02UXFFMkZLdzJSeFgzVDRncV8?oc=5
66,Brutal balacera en Chile dejó dos jóvenes muertas y 7 heridos - Infobae,Brutal balacera en Chile dejó dos jóvenes muertas y 7 heridos Infobae,2026-06-05,Sin identificar,Homicidio,Infobae,https://news.google.com/rss/articles/CBMivAFBVV95cUxQWDNuTDg3VnIxNDc3S2NIVVhEMjVZaDNlZlNTVmQyOTFwMjFsMG5qajBUTXZBbllleC1LaWdTNGFtY0RmOTlWVENCb1ZTYWhkYlZDTWg2dlRNWUNVYlp1VThpN3d4WjM3T0pod3hRaWxEa2M4dFBldnNBLU1zbEdGUkJhcTdHUTNlNmM4T2JfaEJVcWl0WDhlTWhDeEpVRnh2Skl3dEE5NGRHZmEwU3lDa0dLQ0pWZGUwSGNXVNIB1wFBVV95cUxNUW9XQXI2OFFUX0ZkTGlEVGxrdjNITGV4c3hYc1RkckVYaDlZUkpaWldQdzQzZXFiV0FpSFVvdVFhbWYwTzB3TkIwT2JUYzQ1Uzl5ZGctcENBc3NjZGI4eG5XRVp4WUN2RldPeTZBRkE0Zmd4c244bW53WF9abWxwM19WUklNRXQtVVNzUjR5cThwSkV6UXUwMlhzTWVsQXJDQ2Q0RUZVQ2dxRl9xTmhBUDIwRGZwS2Vrb2Ywbk5vTnpVOWxBZHFPbGZsaGZYVDFXNTlPWXJUQQ?oc=5
67,En prisión preventiva queda implicado en balacera en El Bosque que dejó un muerto y tres heridos - BioBioChile,En prisión preventiva queda implicado en balacera en El Bosque que dejó un muerto y tres heridos BioBioChile,2026-06-01,El Bosque,Homicidio,BioBioChile,https://news.google.com/rss/articles/CBMiiwJBVV95cUxNdVRCLTd2dThqZjdQZVFZU3pTVmxlTkRJVTRVaVFVVnQwUks0QUhYVTE3RktXUjlhTG5RcV9DMTcwTUM4cVBPMnZOVmxaaXAzVXkzSzFCa3UzUnJPaG9QSEhoN3BNRFVOcEIxNk1Jb3N3Tk1MU2IzZGhFYi1kNTRzRTU1SC1ENEVkU2tkSjF4Yi1xckYtRG54QnoyNmlUeUhEd1pJWnBRaFBaYVRGTkVMN2xxSFVEOXlGYldsc20yQkpGdVF2dXR0aEg5cFh2WjJEZF8zc0o2WVRvWGpEQkJIQ29WenNVYlBxb1d1R0ZUMmE1WlFsUkFKR3h4TTVJWjQzak15MWdPazQzWnM?oc=5
68,Funcionario de la PDI abatió a delincuente en intento de robo en Santiago - Chicureo Hoy,Funcionario de la PDI abatió a delincuente en intento de robo en Santiago Chicureo Hoy,2026-06-04,Santiago,Homicidio,Chicureo Hoy,https://news.google.com/rss/articles/CBMisgFBVV95cUxNVkZTRm9McmVvc0h5VkQyNmRCdE1UbXFvWm5MYk5HeEFCT2ZZTFN3X2QxZFpyZ0pZT1VXa3VUX2FxYWhUYW5FZ2FYRVNqTW5sODRULWNQUXVUMlZsZ1YxV3FDRlhqTV82TnhqLS1uMEpock1fbFZYREFrZXNoVDlzZkNqSUJjd21LcUZ5R3djcGNGaW8yMVJvVk1sajNrc0d0NndpcWVUbk5qaHNEZ0Fka2FR?oc=5
69,"Un ejecutivo de una sucursal del Banco Santander en Chile, entre los 19 detenidos tras un operativo contra el Tren de Aragua - EL PAÍS","Un ejecutivo de una sucursal del Banco Santander en Chile, entre los 19 detenidos tras un operativo contra el Tren de Aragua EL PAÍS",2026-06-02,Sin identificar,Homicidio,EL PAÍS,https://news.google.com/rss/articles/CBMi9wFBVV95cUxPZlNWRGFxbFk0dU5jQ1lGdmxMV2cyeENFMzFUaDNneFM4ak9kbDRuOGt1SzZBRk9PeFh1aE1ucDJkUkE4SWtoaHhPWEpjX3hjMUo3N3R6d1JfMzlna25SSEp2WEhZa0J1RGsxQ1FFb0xJTGFsdjUzUDhyTTFnRFF1WVRaZU5ZS21BeVluY0huOVBrN25jMVFkbnBHYURvNWE3V1ZxekFvdUJJMFh6ZDVSRFhUb0pUbnN3QXNmREZaMEVxLWlGdmlvbnZPdzFlRXRxZm1IZTZKMzBEYTJhWUdtM1V6a0tUUHZUQkw0dHFNMW9PSENBZG1V0gGLAkFVX3lxTE00OE9EMlBOejZzOUdUVFVqTEF1ZkVGS216QnB2ZVIxbkZ4eUJHVG4zeVpoYWRBZXN5VGRyMUxwUUlOWUpTTHRJZXdfeWdrWXZ5Tm8zcm05VUhmMjA3V0FoU3djVXlrMzBadWI4NXk0SkgzQkh0Z3F1eEpKSUlwYlBmM2ZqdGJFUE9NOEk0X2ljemhfSGNfWU1pbFdFNzlCcUttR0xUTjhrOWJscks3Zy0wd2Ixb1l5RDJQWlM2ZEFidVUtUjk5RnlFaDlPWlNWeWpRZGNRd2FHNnVpX0NYRHZrd2ZMWjBYZ2pZR3JYaXE4RVZ3VzR0dW9TaDJLdnAyWlVmd0ZKNG9pVlNJUQ?oc=5
70,Cámaras y geolocalización permitieron capturar a presunto autor de homicidio en Santiago Centro - latribuna.cl,Cámaras y geolocalización permitieron capturar a presunto autor de homicidio en Santiago Centro latribuna.cl,2026-06-07,Santiago,Homicidio,latribuna.cl,https://news.google.com/rss/articles/CBMi3gFBVV95cUxNS0RLQzU3ZlpaeTQ2bkZ5cmo4eml2SzRQMVVNcTZONTJMbjJjYk13MkRGaEFya0I3VWJwNUYyc0RBcGVCZHpIYlN4M0RxUElTYVlDZUtoSDBMbG5ERlNmaTIzc0ZzSTFrdnpscl93czNqYTRHOUdmTHA3Q3ZsTW8yZFE0QnljRGFuY2dMb1hManRzTUdIQ005TzJkSTRmcTcwc0FzYjE1TnlkeGhEbU80cEtiYkprZ3ByVFY0a1dzWUhHMGdRZDFFdXFkQkVzdU0zSGJ1MjJmSUVDNldiTnfSAeYBQVVfeXFMUG9zTU1nVVVaTWw3d183d3hlRTQ0dUhPVjgwY1pQX2M3SGJoQlVDWlhEbGY4RGIzVElVQVlWQ254eFp2QlJWTk5wamh6QkszYU1Cd2FkZlNCSG5jYVYwbVVjNnY0OXNRa3h1V25fckRZaTJKOFBzR2VpaWJlZmsySU4tX3d1aGRSMmI2UWJfanBiX1hnc0hhV1FsdE9ZQ3I0X3BNSDFCREpmYjdWdnVHd2hjdG1XajN2Mkh0X2dndlpINzlLUXBpRU40QmR3VjhhWV8zY2RjLUhHdjNIVWVzZnJKOWZkOGc?oc=5
71,Operación Tokio: El origen de la investigación tras la masacre en Lampa de 2024 que dio un golpe al Tren de Aragua - Teletrece,Operación Tokio: El origen de la investigación tras la masacre en Lampa de 2024 que dio un golpe al Tren de Aragua Teletrece,2026-06-02,Lampa,Homicidio,Teletrece,https://news.google.com/rss/articles/CBMiwAFBVV95cUxOc1ZOTnktQ0t4T3EzV1V0S2dWUE9NVS1wZll4RnU3QVlVT2FpVFFUN2RKN3hxcEFWLUtlSEF2ZjVTZER0aGRiMFBXbFJJUHQ1S1BfNFdMSV92ME4tX0taZUg4VDd5VUJOQmF4ZzlZUWVNQXJPa1ExSEt0WVZLdGRxaE1MWHZNRlU4RnNZQTV5U0VZSTQxMTREdkNoSllrblV6MWoxeTVid1NaRjUxTWVNVkNmV3A1c2dKclc5QW5zdlQ?oc=5
72,PDI detiene en Cerro Navia a sujeto imputado por homicidio ocurrido en San Antonio - Diario Tropezon,PDI detiene en Cerro Navia a sujeto imputado por homicidio ocurrido en San Antonio Diario Tropezon,2026-06-04,Cerro Navia,Homicidio,Diario Tropezon,https://news.google.com/rss/articles/CBMixwFBVV95cUxQTVFOOXlWR0tZMnhZYWN5eU8xdEVEZWFuUXA4QkQwSExvT1I4dnRfVldNY0RJUDFKYW1RazFMaUc0aXRTbmR6TkpWMXFqZVhHN3NvYzJKRUw0a2s5dll1MnFaY2pmZklIZlRTaC1zeUJMbndDRmtmbmhvOE9Md2Z4NlllM3JQOVM1NVh6T1NZOG1BMElfOVQtVXVpbk1JZzdNOER5OElsR3dBNXFXcWxMV1BXRjVsSExrZWM0RXNGQWZOWVZsVi1Z?oc=5
73,Riña en cárcel Santiago Sur termina en asesinato: interno murió apuñalado en el cuello - Atacama Noticias,Riña en cárcel Santiago Sur termina en asesinato: interno murió apuñalado en el cuello Atacama Noticias,2026-06-16,Santiago,Homicidio,Atacama Noticias,https://news.google.com/rss/articles/CBMixwFBVV95cUxQLTY0ME51MDdsREMyUVZ3bzg3X2tCY3hLUlJvaGh3QmtOXzBxYjhlV04zZjhLd2l6ZXNEZ3ljYm5jNmg5Umxha0lONnNfUG5WaWdLczBMNnc3bEI5OFM0Z1AwYmtESjY1bWVZRzN6UHJkNWcxMlNkd2VYdDM3dnVRNXczUWtyeUU5LVUxdmV3bThLemNablNFekp3N213RzRVOHAyLVd2akZWbWliY3N0TU11RUlPNWk3OHI3SHpQbUIzRDBKSHNr?oc=5
74,Homicidio en Puente Alto: joven de 21 años es baleado dentro de un automóvil en Bajos de Mena - El Diario Santiago,Homicidio en Puente Alto: joven de 21 años es baleado dentro de un automóvil en Bajos de Mena El Diario Santiago,2026-06-17,Santiago,Homicidio,El Diario Santiago,https://news.google.com/rss/articles/CBMimgFBVV95cUxNVGx6clZuT0RNeHViUnZsOU5EUHdtNWxtMHpUNDdMN1MzRFNIVWZvYUdqdTIzQlpNM09mWDV6bUZzN3JSZDdwS1dQTkVLVGRUT0FFc0dIdEhHaExBby1WNHhsQXc5RGdzdW50cFZZY2RUN0RrRHdUZHZNOFc1aXJFQjBWbk4zeUxmeGJBc2paV1IzM3JSbkNVRTd3?oc=5
75,Indagan robo contra taller en San Joaquín: ladrones huyeron con 17 autos avaluados en $1.000 millones - BioBioChile,Indagan robo contra taller en San Joaquín: ladrones huyeron con 17 autos avaluados en $1.000 millones BioBioChile,2026-06-16,San Joaquín,Robo Vehiculo,BioBioChile,https://news.google.com/rss/articles/CBMijgJBVV95cUxQLTI0MHdfN21kWm9CNlU4b3pQVnhPTWxhY3R0TFVlYWlRaXJBcjZBWHBPTGtMdXV4RHg0UElYMUFOeHNfX043WUxWREQyYmZwM19SVUFMaHBlSWVhVmtXX2tQZ01LdTk2OGlDY3ZYY25xbm9NUE5qamxtU0lBUEN5aGczV2NYSWpuTlRVY0FmMTRKcEZpdE5pVGxUNzNvLWdBQmUxVHlGMGZlNVhCb0EwMmZMVE81bWJ2ZUVnRXdtbjZGdXlOdmVuYkJCYmUzU2FHLVBVN0g4TXdlNzhZVjZUdVFfNnZrajgyU3FtZDdFN0VlQ1ZXM0JGTHExZ0ZXWTlVbDZRYkpYa0NQSmUzaHc?oc=5
76,Delincuentes roban 17 autos desde una automotora en San Joaquín: vehículos están avaluados en más de $800 millones - La Cuarta,Delincuentes roban 17 autos desde una automotora en San Joaquín: vehículos están avaluados en más de $800 millones La Cuarta,2026-06-16,San Joaquín,Robo Vehiculo,La Cuarta,https://news.google.com/rss/articles/CBMi5wFBVV95cUxPcjZtakRtLWV2VlZxYW52aFVLMWJ3MW5aYU52S3MzM21XU2xDSFRGT3c0YnpCTWd0MTJwOC13MmJjdDNEc1pGRVA4VURFeUNOdlRhdHp1ZDdEZG1XTXFYaGt1YmRDZFBtc3FPbjNWTGk4enJYczFuLU1sUE9oRktLdUoyV1dIdUExS1lhY1FjbXdlZzBvdHFGU1ktY1lvaUd2cWFyUUoyREtvN1Zha19QZWg3NTJ0WThhTXdqbWRUQWJ2dGJfWUdzU2xCbmk1SGJWbU1uOWRaM21CNGxLNldBeWlNb290MzjSAYgCQVVfeXFMT3hObWk4anRMdC0za1Q5VF9fR25kV2xhbmRmTFdRanlpUGRlclo0b2dGek9ET3FpMmpKTmRlY0pMSXhPNDZ6OVFGUnNKNTdWMEpDSVdlTTdpTTZxX190TXlZWmpCN0Z6MmM2ZWh6cVAwNk5ITVdYdWlEcHlWSVlpaWxKa0lnSU5fOU1nRi10MVg1dk11bkRMVkFvQU1KXzQ2OEVSX09Vd3FWMkp3ZkxvZXo3MjZ2clcxRHJ2d3hiUXhDUkFmSVJiSXFFMnRCV2xsNzIyQmhxcTlsR0JLYjRYekloakJlNWVSOUFwZlUzaXRMYmY4VFVPbGZvbkZPX3l0Ym1SSUY1MWww?oc=5
77,Conmoción en Chile: investigan la muerte de un niño tras el robo del auto a una familia argentina - Infocielo,Conmoción en Chile: investigan la muerte de un niño tras el robo del auto a una familia argentina Infocielo,2026-06-27,Sin identificar,Robo Vehiculo,Infocielo,https://news.google.com/rss/articles/CBMi3wFBVV95cUxPcm9qV2ZpUTZfc0l1SW9oWXZZSFZ1TWNKby1ybzR4NFZTeXBFMG5CUm1UemFvV0lDMnBUc2hka0xBM2FNbDN3SERQdm9DcDQ4b0RrZk9zT2RwcHFHMjFzV0ZweDVkZFQ4MzdZWVdLLVI4bFd1UWFoZDNDUFVaZXE1Z0M3dnhIWXo3OGVidDV2dzV4UDFkSzRrZzBtbzNkamJxOG41YTF1YVZEbHc5dnVUWTQxOHFrR1F1SGpyUVVHR1FjVnBKLVhTeTRZclJDdWhMcnQ0NlFlQXlzOVBsN0RR?oc=5
78,Tragedia en Chile: niño de 12 años muere al ser arrastrado en robo de auto - MejorInformado.com,Tragedia en Chile: niño de 12 años muere al ser arrastrado en robo de auto MejorInformado.com,2026-06-24,Sin identificar,Robo Vehiculo,MejorInformado.com,https://news.google.com/rss/articles/CBMi1wFBVV95cUxQekpaX2hCcENqR0dvRi0taFZzb05JMi1GckI5Z3JTanBuZk9wOGd3RjlON1NTRVI5OUZ6NVdvSkZuZE9kYVRSemxxRFBIWHNBbWhYeG1MbThuUnRTbGFiLXJMMjFHVE5jVU5Fd1J2VEQzUUZxamlRRWxsR1VBWGg1a1lxZlV0U1ZNeWpJTERBRExIeXlaSTR5cTBTSVVKbUluYVlrYVZLUUlZa0VjekNES3dLU0RfbTRmT243RHRETGZQa0NqYmVOdGN0eGw3VlZ3dUc5aWFsOA?oc=5
79,Horror en Chile: familia argentina sufrió el robo de su auto y su hijo murió arrastrado por los delincuentes - MinutoUno,Horror en Chile: familia argentina sufrió el robo de su auto y su hijo murió arrastrado por los delincuentes MinutoUno,2026-06-24,Sin identificar,Robo Vehiculo,MinutoUno,https://news.google.com/rss/articles/CBMi2AFBVV95cUxOWVhpanZBOVlrek16ZXdhcVh2WDdjeEdWWG9wZjhEQUtHSlBTMFRBMVZjVG9mWnNDYU9iZ0ZzX1ZfTXdQMkcyQkZzeDcwcngtUE5kX3FaaDA2VkRycWM4Y013Mm1OOXdqNml5NDFUSnVaYXhTeXN4enFOVFRPX1ZsMGt3Y1dubXpWN3VjSURnUFRzNWdsTVFyUUh2aHQ5RVlQa0FpVmxPMjUtNnNwMkFneWNwa18zdms4WGJDU0QyRUVzT2tFY1Z2SXhyY0NxZWlscTdGM2RUZ2bSAdgBQVVfeXFMTllYaWp2QTlZa3pNemV3YXFYdlg3Y3hHVlhvcGY4REFLR0pQUzBUQTFWY1RvZlpzQ2FPYmdGc19WX013UDJHMkJGc3g3MHJ4LVBOZF9xWmgwNlZEcnFjOGNNdzJtTjl3ajZpeTQxVEp1WmF4U3lzeHpxTlRUT19WbDBrd2NXbm16Vjd1Y0lEZ1BUczVnbE1RclFIdmh0OUVZUGtBaVZsTzI1LTZzcDJBZ3ljcGtfM3ZrOFhiQ1NEMkVFc09rRWNWdkl4cmNDcWVpbHE3RjNkVGdm?oc=5
80,Tres delincuentes armados roban auto a conductor de aplicación en Conchalí: Cámaras captaron el violento asalto - Meganoticias,Tres delincuentes armados roban auto a conductor de aplicación en Conchalí: Cámaras captaron el violento asalto Meganoticias,2026-06-29,Conchalí,Robo Vehiculo,Meganoticias,https://news.google.com/rss/articles/CBMiwwFBVV95cUxPSndOVWtVWU5OOTd2MVVGN2JLMXU5MVhLTjgxM0huU2RLOHMzLXU5cFgtdGU5MUZRXzh4TnlRc08tUlladFVETDlzeFYxRFZiQl9zMi14bEdfQ3hBcmNyS2ptXzU1bnFNanRUaWhFWFF5ZDJJZjg5QzRiMHNRZnBhZ3VzWFNEWEtMeGtZME5ETGNCTHN4dHJLbmJFcDBfR2JraGZaTjhGMGYyc0REX3pSMG9BNjhwNXM5QU5jMzJ4S2ZSWmPSAcMBQVVfeXFMT0p3TlVrVVlOTjk3djFVRjdiSzF1OTFYS044MTNIblNkSzhzMy11OXBYLXRlOTFGUV84eE55UXNPLVJZWnRVREw5c3hWMURWYkJfczIteGxHX0N4QXJjcktqbV81NW5xTWp0VGloRVhReWQySWY4OUM0YjBzUWZwYWd1c1hTRFhLTHhrWTBORExjQkxzeHRyS25iRXAwX0dia2hmWk44RjBmMnNERF96UjBvQTY4cDVzOUFOYzMyeEtmUlpj?oc=5
81,"Lectores de patentes en Chile: Las ciudades que implementan ""fronteras digitales"" para frenar autos robados - elconcecuente.cl","Lectores de patentes en Chile: Las ciudades que implementan ""fronteras digitales"" para frenar autos robados elconcecuente.cl",2026-06-18,Sin identificar,Robo Vehiculo,elconcecuente.cl,https://news.google.com/rss/articles/CBMiyAFBVV95cUxPUWpsSjZCOEp5UTBEdHV0Mm5zWGJwVjVlMTJTQ2VobldfMVhQV3Uza0RXVkwyWkRzVEVRSDR2T3FEakFSZHpwZG05MkZ3X2dvTGRiSUZnZVFUMXVDX283bHhzS3V5RVFMdWs4YUNSMTFBamtJWDZFTEpMVkZXMjhtcl9uOUkxVUR5U0pwWmxfeWoyeUFpOTlOOTFyUE1Ma2JYQjdya2VSUGFqNmpJQWNnTVg0WFNuMThYV3FPRVhhaHdNd29LRVl6Rw?oc=5
82,Un GPS los delató: Descubren taller clandestino con vehículos robados en La Pintana - Meganoticias,Un GPS los delató: Descubren taller clandestino con vehículos robados en La Pintana Meganoticias,2026-06-08,La Pintana,Robo Vehiculo,Meganoticias,https://news.google.com/rss/articles/CBMixwFBVV95cUxOemxiRk9GeHQ2bWNfX3R3NE9qQWdnMkRxVHJnYXJZeEtQZDRmbjhjQkNwVUc2T0VORU9KaV9XUE9DaUxmbzFHLUswOTdZZmt1UFk3RmhiR2N3a3M4ZWdNQlF5VVlqaWJPcEh2TXRuU2hwZ21EWjJmMWRtYVpjTmpiUmNUM2JIdE0zb1dhWE44Slo3RFhGUlJ2WVhkdHE5cThVVURpdENFRDZVdXlmb0FqdUowenU3eUhhdWlPcXRsQm4yYjlCSUZv0gHMAUFVX3lxTE9xblFuN2N4SHVMSUlxc3F2Z29vVmFHZlVXRENuZDNnUFh0LVFMRnlSTWxpSDVUYzNmeUxsdFk2WG1zS1Y3VGduT1p3RU1JUXpBYmhUX3RiWVBfczEwbjNHbG9zbGFicEEzWENfT2NtNjJPNkFIaVUtbXVnVXEtMDBRUEdNVlhyS2VsbWFVb21fTGVNM2lNX1U2SHQ3ZmJYWEdmbDI3V0RpUnRia1UtX0d6RjZ2MlYzZ1dqa0FjWjNQdTRpTGEtN1Z2QVNaMA?oc=5
83,Detienen a dos sujetos tras robo de camión en Maipú - Chicureo Hoy,Detienen a dos sujetos tras robo de camión en Maipú Chicureo Hoy,2026-06-20,Maipú,Robo Vehiculo,Chicureo Hoy,https://news.google.com/rss/articles/CBMilAFBVV95cUxNM2tCdHJTZE50ZlhVTEN0RWpXaVZoelA2NjBBb19Rbi0zY3BHQkNSalFkbUswcm52bGlqM05Ma3h6VlpXVVIzdEluSnJBc2tVRXBxU0RNTmxHeXVwb3cwbWVkdEx5QmRZM2h0RmdrOFlnRFFoTks5d3ZtTlpLMGQ1OUNqTTRNa21HcGZjOW9yempyQUFu?oc=5
84,Carabineros detiene a dos sujetos tras robo de camión en Maipú con cargamento avaluado sobre los $110 millones - MSN,Carabineros detiene a dos sujetos tras robo de camión en Maipú con cargamento avaluado sobre los $110 millones MSN,2026-06-20,Maipú,Robo Vehiculo,MSN,https://news.google.com/rss/articles/CBMiggJBVV95cUxOQnhpaXdYVDlJNFRrQzZJRjBXQ2hJZVEwTmJzNzNJRldiLTVhMmpCRWRjRE9sWHNBS1QyVHZkNXFfb2VNcWwtOVRwSnhHYkQ3YVZmblpIUUt5Z0ZKVE1ENkp3MGYwelh0LUVrUjhxc3pHR0hJTXl6TTBxejJmeUJXdFVuY25KeUl5Z25oSmhnekJoSjhGbVZuNkU5dU9zQjJFeEMtNHFpY1FuektZOENURFd6eHpIYVBQNWo0bi1CSkRRWUpTeDNaV3VGQ1pCLVNIZ0xqOHZGcWpLU0FNaGZCSC1VRDBaMjVESVQzTXFjS0NWai16MXhxc1Q1bnhIbDh2aFE?oc=5
85,"Vecinos de Santiago, contra la inseguridad: ""Nuestros hijos se cruzan a diario con traficantes"" - El Español","Vecinos de Santiago, contra la inseguridad: ""Nuestros hijos se cruzan a diario con traficantes"" El Español",2026-06-02,Santiago,Violencia,El Español,https://news.google.com/rss/articles/CBMi0AFBVV95cUxOcTNjajNzdXBZWTNaRTVrR09rYzR5b0ZJRWVFLWZhQkh5YjMyY2lRd0hTODdJYUFZTGtyRDc4eE5lNC14c1p1RGF5VUxzT2N3YmZtNWNQcUd1YUdvZHExSldHeXVoMjl3RmN5akthdTV4QXdLRTdvM2JMUkcxak9ZQzFTTlFOVE9IbWhJaHFyTTdoRmZkcDB0c3lBZjN6T0tzWXVOX05tRzYxWkdaV3htVGRNamlWamh5QzlTd243enBadHJiWHotNXcyazRNSl9M0gHWAUFVX3lxTE1ETzFpR1p4T1NjSGhlMk9mQy1aQ1paMDVCaGZMV3h1MjZYVUVSbEhJU0VYZXN4M3hGalQ1dG1BaUUzbVI0dG9neWxsb0FKR0RPbjRHUmxuVm02d3R1M2N5TWg3MHNOWDJ3TFhBUlFjaVUwY3ZFSjF6cUVzOXlreFlqXy1NMXdpYWFpb2dTQTFqWW56X1dvaVZQRi1PREV3S051N2RRTkNZdVV0Zm53UTd1bFBfeEc2Mk8tVTZXN2o0WHNuUGVMLWJsUXVKZXZvQWd0cVdTMUE?oc=5
86,Adolescente termina apuñalada y con pulmón perforado tras riña entre menores en Renca - Canal 9 Bío Bío Televisión,Adolescente termina apuñalada y con pulmón perforado tras riña entre menores en Renca Canal 9 Bío Bío Televisión,2026-06-18,Renca,Violencia,Canal 9 Bío Bío Televisión,https://news.google.com/rss/articles/CBMixwFBVV95cUxONng3RF9wamFHQ29ZVDNJczBPb09jSmlJZ2k0cWN1UXdta3JMMExBQ19DdXl0YXlpYV9SYkk1c0c4V1g5VF9NV1ZkUXFoOVZXX1dRb1Z2S2lHdUlRTE9ZbF9jZWdvd25UeDU2cWRScHlNQzJ4MGhTODlsRjM4cVhLdHNMUFpRWVpMb1BucFdGU3hkZEFHaVNidHNPYzJUak5tWGluMWVvZWN4RlNfS3hPRTVMWFdGVHAxOTdhaWttQWh3LXprdThz?oc=5
87,Menor está en riesgo vital: Carabineros detiene a sujeto investigado por agresión a niña de cuatro años en Melipilla - La Tercera,Menor está en riesgo vital: Carabineros detiene a sujeto investigado por agresión a niña de cuatro años en Melipilla La Tercera,2026-06-18,Melipilla,Violencia,La Tercera,https://news.google.com/rss/articles/CBMi8AFBVV95cUxQWWhlNXdlN01BRm1NNGhVZHZXdFVtdmdQZTBrbTBreU1HVkdxNnVHOTF0c0hLWjA5NUVwekg0QXpxaGRQdHNKZ2ZldjlzUFNtSnd2RFpvMVpnbU9CalFoZHk4ZVJtdU9kOGZJNnJ3QXdHenQ3RkN5VEtXTkpwTXVobnJWZGppNURUak1yc2FfNHJsUVU2QVBWcFBYb2xwWWFlTmJDUUhPTWtGYXk4Q2p0aUEtUm9ONkpCWVptNnFYazg1ZGc2QS1lY2VfcXJ0THRGZ3h0b1FINW5TX19YaF8tb0tlRE1BWjkza0xKQmlDWVnSAZICQVVfeXFMT0xJMS14VlNsdkc1SDlBTmQxdEdQb1JOaWFYaHQtRDYxdFZUaFFnVVhwSkZiLVlwa0prSldnUmR2UXozZGhkXzg0XzhBZFdiMVRwel9KQlZ2LVNPZE1LbnZ1Tm9YUjBCOFF6c2NJUGE4SEhiQ2pNRW5BUGd5NWRzWnFHbGR3SF9Kam9hUXlvT015YlVxRTlXZ1E0ajNvUHRzMHF4NGowNGlENWNieFM0bUlXd0VOaWZnM0FVVXUzNW1hQTU3UkNVaGQzUlZiTTJiQkRzV1dFal9tNWFOYWdnWTVIUDlLNEF3TlpnalROMjNmM1VZMmlCNU51MXhlR0JjX1pYczYtNEkwTjcxOGRxLUdLQQ?oc=5
88,Codina tras pelea entre guardias municipales de Santiago y carabineros: “Espero no volver a verlos en una disputa” - Teletrece,Codina tras pelea entre guardias municipales de Santiago y carabineros: “Espero no volver a verlos en una disputa” Teletrece,2026-06-05,Santiago,Violencia,Teletrece,https://news.google.com/rss/articles/CBMiwgFBVV95cUxPQmZPMTlTeHp3UHhNNzdId25PSldtUllHWWZRQ1RGRUVPYXJtX3Y5dEU1RUdIUkxpMzlxRzZlSTlTTDh0Z1U5Yk1kX3dyckdOUVUtQ1d0T0l0V3ppYWI2YkphTTE0czRmUFRNZndmVDFDeXdMY2lhMkxUbThqZzNnRUliQjUxM3UyZWd0cFNFanYzYVBWWENPa3NFV01HSXNJMUU5WlpJZ1d4RnFsVTZCZHJJbTNnTFZlUnpDMEtYb0Y1dw?oc=5
89,Decomisan 108 toneladas de droga en puertos de Chile escondidos en madera para exportar - La Jornada,Decomisan 108 toneladas de droga en puertos de Chile escondidos en madera para exportar La Jornada,2026-06-08,Sin identificar,Narcotráfico,La Jornada,https://news.google.com/rss/articles/CBMi1gFBVV95cUxNOV9ORGJiQmxmTEFjTFl3dUZvYjEycGYzUUlRZExPN0o3X3F4QUFJUFF6Z1dnczBkaWstWUJHMmJ3cVNwaUV2NVJ4ZXBMaDlDY2k1Q2FrUHZCQ2UwVl9qemFIc0ktYnh4djJmMElpTUVoY1JUVGVhZTBLQmVJRS05Q3FqOTVoQ0ticlFaQjRRTHlvY3paOFh6eTNsS1ZlNU5VRldObU8za3RjRXZ1RW1FRlpQemJXRGJ2cWQ2UFlySzJsTVQ4VUMzVW85QVFjV2ljWTBIUWxB?oc=5
90,Ocupan más de ocho mil gramos de droga y arrestan a 28 personas en Santiago - Diario Libre,Ocupan más de ocho mil gramos de droga y arrestan a 28 personas en Santiago Diario Libre,2026-06-22,Santiago,Narcotráfico,Diario Libre,https://news.google.com/rss/articles/CBMiyAFBVV95cUxQcVBWNWtjek9NQkNYTjZmMXQ1Wk1QbDRaTFRabkVjUjdoSjVmZjdaMDB4cks3TG9PeUltb2owNlh4dW54bkVMV2RlVnN1dXNGd3ZmaVRGOEFOakJFNDVqSUluQWFuaDFkSkpOT2cydzhrSnl3T1ByakpPSjlBMDZTVjY5Z3RnZzN3RGtWeXJ5d1VXTGc2UlVOS0dObVY1ejNoZ003a2trY0kxTTgzbmVCQ0ZHbURnd3RuT29pakhTUkMyN0R2VUEtMtIBzgFBVV95cUxNUmdfV0xlZzJZZ1pIR2NrRElyUHg5N1dCSVY1aDRybUhrRVRVM1NQYzk1d0NZV1pOdlIyREwxYlR5U3plUzBNSEVJZGFGdE44WTRzYWxNRnNfQzJhRkhCZkNkVlNybkhzcDI4SDhJRjhFdzI4aVFUczlETnh2QWtoSVpqMU5PclYzQU5XTktzQ011WjBwUGtzQl9kVXgtZ3ZJZHZRMVlaSmkxNFBvY1BtTGozbUl0aTZQV19vdXItV3U5TmEtZGFPVTQ3aG4tZw?oc=5
91,"Golpe al microtráfico en Santiago: incautan drogas, dinero y apresan a 11 sospechosos - El Nacional — La voz de todos","Golpe al microtráfico en Santiago: incautan drogas, dinero y apresan a 11 sospechosos El Nacional — La voz de todos",2026-06-04,Santiago,Narcotráfico,El Nacional — La voz de todos,https://news.google.com/rss/articles/CBMizgFBVV95cUxPNEpDS0Voc20wTkdpcnFCcEJUZFJacE9JVVNqMFRYRkZqM3RfVzI0N3VXUnZHOXBtYmNuNkEwa0dNS0ExaThjblUwZ0JkSWdLUXp2d19lWE1rU1NuU1Y3V2VTMU1aZ0dBbmtwQ1Q3VEhRdzVNaWZ6T2RHRVRLZGJmSlZtZTdhb2ZrMXd5d29TNlVnaWNScWtHNENPeFJyX3VLNHNXWUZKSGNCMDlmN29VSDBmV0NNN2NiUXR0WXVBWjRVejFFSHdtSE83dVI3UdIB0wFBVV95cUxOZGtHclIwZ2lOZFVWZTJ2T0JZckdrU05WSEpnOGtXNnBPU3ZxOHNCVWxWbjNDMmRHTEFDSzN1NDdneU1WV2M0d2llYnZxUkZBSGFKTFhhQXBTTXFQRzNMQ0N6ellLN2R0RjNZR0h3cjVhaEIxcFRPQWlPSFFhU3RiZy1aempYYmZRWXlSWWdqVldXZTNiLVoxQmhHWnozNzJXUTBGS2hEbUs1YS1VWnpsS2JTZTJOUGVVOF9YQ0tSRFNvVzZnME9LLTNvbTNCY2N2OGxj?oc=5
92,"DNCD y MP incautan más de 10,000 gramos de drogas y 45 arrestos en Santiago - DiarioDigitalRD","DNCD y MP incautan más de 10,000 gramos de drogas y 45 arrestos en Santiago DiarioDigitalRD",2026-06-15,Santiago,Narcotráfico,DiarioDigitalRD,https://news.google.com/rss/articles/CBMiuwFBVV95cUxQV0ljTVczbVk3YVZfUjRwcHp2ZDc4WXh4ZlZhcTc0NXozT2FxRTc2QTk0elF2c2F1Y3R5QkdsWl91MTVqbkl5NFFwZ0t2UVhEbVJMXzlyZ094b1FYbjctb3Q4R3N2MzRDZE9kaXRSOG5SLWRBbDhNdDM2Wi1Uc2RqdXR2UjZuZ3M4S1lKTlBhd2ZxYWNQbHptYnVKMDdDQURvT1N6TXMwQXhpSnRPa2lELVd0RW9QUzJHMXlr?oc=5
93,"Golpe al microtráfico en Santiago: 11 detenidos y más de 2,400 gramos de drogas ocupados - CDN","Golpe al microtráfico en Santiago: 11 detenidos y más de 2,400 gramos de drogas ocupados CDN",2026-06-04,Santiago,Narcotráfico,CDN,https://news.google.com/rss/articles/CBMingFBVV95cUxORDVvUnRjY2RDbkozM2FNSVVha2tLdlpRNTBqaVpNczZKaDNMaEdzdkNNZmxZNmQ2RmdLUDRyNTFHdW85Tk40RGNJSjJQV2pxcm40T0V0Z3E2MS1vVEQ5bnBNVGxmVzdCMkVVaTVfSGlSb0EtWEdxT3B2TVAtUncwUWVJcXhwVG9SZnA1cDJKSDEwOUo4N3dackR2aXhmQQ?oc=5
94,Desarticulan punto de acopio y distribución de drogas en Peñalolén: se incautaron sustancias avaluadas en más de $24 millones - Puranoticia.cl,Desarticulan punto de acopio y distribución de drogas en Peñalolén: se incautaron sustancias avaluadas en más de $24 millones Puranoticia.cl,2026-06-26,Peñalolén,Narcotráfico,Puranoticia.cl,https://news.google.com/rss/articles/CBMiqAFBVV95cUxNT2szRXRDMmt4Z3ZjcGtGbGp0X1hJSUgzdFNZejZESGs4VUFkSHprMGd2TlQ5N21EOXpWdUp3elRheEJieGM1a24xS3NEUXlMNF9pcDhPcFRPZjJBRDVsNHVZdE94cFROSk9PckxYdUZXYjV5ZnFzOEoxUHV6UlRTQ3ZVb0cySlM3RndYZ2gwSU1lSHhIbXBYbUloU1pHZmo0WU5wM0pkLTk?oc=5
95,"Detienen a cuatro integrantes de la ""Jauría de Franklin"": banda roba en transporte público de Santiago - BioBioChile","Detienen a cuatro integrantes de la ""Jauría de Franklin"": banda roba en transporte público de Santiago BioBioChile",2026-06-04,Santiago,Robo General,BioBioChile,https://news.google.com/rss/articles/CBMijwJBVV95cUxOa1hsYzZ1a0tHTTIyeXkwQ2hSNDVKTEw5SlEzenBEQmoxZGtBOWJKanl3NVhKY0xMdlZBS0h4SzlPdS05R05pLUc0aG51ODdkb256ZlpSWWRTSHF2U210TzZPM3R2VXRkS0lKR1VBQjNza2pOMEJ5UHpvOU8tRlpwWmpUOWlJTEp2NFNQRG1wMTFNODgydzZndXRRM1ZTeHpHNFp5bk9zWUZFODU5V0ZMUnNyZWF3aVctV29RS3RfY09KZ3BPMmpDWlZpdmx6WUFOamtkWjhFN1RENzJqWExCZW5GOTlicGx5WS1UMHZ4LWtUVVRnWWlucXk4UktUYmplcDBHeUcyMDR0T1hqNHFv?oc=5
96,Detienen a sujeto por lanzar piedras a vehículos en autopista: cuenta con 83 capturas anteriores - BioBioChile,Detienen a sujeto por lanzar piedras a vehículos en autopista: cuenta con 83 capturas anteriores BioBioChile,2026-06-03,Sin identificar,Robo General,BioBioChile,https://news.google.com/rss/articles/CBMiigJBVV95cUxNTVRWU2N3TzJTRHlURWhfc3MzRkM0X3p5d0FiekxZUGk2M195cE1oLW5nby0zZGtWYWxOUE9nQm9NSjZTcUM2R0N5T1MxdFJGY3h1cE1oQVVtQnh2Tm9GYkh1bExTQWxrMUVLUlpUcGVfd0F1OEVsSFdqSndteGNSdUhzZjQwTVN4QkkxdFlSLUJ3YnprZ0xmTHp5bUlycmc3MUxUSGxTLVBaV0pVR0w5UjFaelhmdWF1WVJBcndWU2RsVml5Njdod2tDc2lUYjdkcDJEdGhrQnliRG0zYTlzdnpnX25EVTlycnQ0cjZSMjV4QmJxWDdHMzlDTGNqUkRONEVDRGFROXhlUQ?oc=5
97,Delincuentes robaron local comercial tras acceder realizando un forado en una iglesia - SoyChile.cl,Delincuentes robaron local comercial tras acceder realizando un forado en una iglesia SoyChile.cl,2026-06-10,Sin identificar,Robo General,SoyChile.cl,https://news.google.com/rss/articles/CBMiqgFBVV95cUxPT3kzQi1ua2RuZE1tSmxobk1jY0RyWlc1VVZ4NloxdjVJcGVxSjRZekVGNzNuX2J4Y3NrWXZXRW9ndTE4Y003ME15VU15S1hLeGV0T3FkVnhrTlVoY0tGTEhEbEh0NmpESERKLUI1VUlab2QtaktsZTNOSUpYamRtQ3BoRUtoNnJXM1pRQWdXVk4wYXFjSDNScnc4S0hmUHNvY0pHWkdOSV8wdw?oc=5
98,Gigantesco incendio afectó locales comerciales en el centro de Santiago: habría iniciado en mall chino - BioBioChile,Gigantesco incendio afectó locales comerciales en el centro de Santiago: habría iniciado en mall chino BioBioChile,2026-06-09,Santiago,Robo General,BioBioChile,https://news.google.com/rss/articles/CBMi7AFBVV95cUxPQjUxTDVNZTBSRU1GSTlYOG5fX0lOY1Y4YnJFTnZ3U1B6WGJZQmpfeDc0VjhUTjdUSWZaMHBKeEhzWXBaeEQ3b296T0xUNWNKOVc0dElrMnJzSVA1NE1PSXFyRnFpX3lMQnJWaVVTZEtPMUstQ3J0ckNWNW5sTlRoX3oxZXpaeVl0UEI5elJEbDlVRGtTR3lmNUpmNzZwUXdJQmdLV1pNV2ItXzVVN0ZLNEJHdlBiSjh2UWdydVVNOVVWNXd2MUszOUd5RFZNR2hnQ0YyM05JMG5jd2xjSExpZTZpVWY3WDJNZEU5OQ?oc=5
99,Detienen a dos adolescentes tras frustrado robo a concesionaria automotriz en Vitacura - La Tercera,Detienen a dos adolescentes tras frustrado robo a concesionaria automotriz en Vitacura La Tercera,2026-06-07,Vitacura,Robo General,La Tercera,https://news.google.com/rss/articles/CBMiygFBVV95cUxORzhndUtYVzQ0UXI5Y1F3Y1p1UGg0YUl5UUJpc2V3OXNCU283MmQ5MEp4NF9jYlFsa2o0NGxWNnMxM2NHR3VlcWJyRkVHalJ5bDhHYUxlNnNHNDVvLVplbzNTdzRwTVk2VUNJY0J6MUNTbkR5QVAwQjdPeVF2Yi1QVVdHNUUtZkRnQWdlSjZ1SlhaUW94aFc3cTdRU1gyQnZoaUFHZnlJdk1hLWhqa3VmZ1lYRVBUaWpVblY1SEQ4VE9ZejBSaVhVMTJB0gHrAUFVX3lxTE15a3I3QVpWaFFrMXdiU2NWY3JwRTYxVjU2M3NvLW02cFp6Rm5yMkc4STd6RHhqdGZsTTZzcHRHZ0xCX1R6aXZDaHJybHV4NXBSTk5EUVl5d0MzczNON3JPTEVHc29RWTBuV3lwbDZETVR5dTktZTc2aG56SjdHVlBHV0lzMUVQaU9nby1zaE5KS3dqbWV2Qnp6eHJ2ZzkzNHBJcTJEOE9HNGhCQl9ka04xX05VUzJ5Qm9QX3JZZlQxTVdYRWRKZnNnTEJLbEFFX2tXYS1QZ1JJMC10VlBIUHA0a3Y0eFBobzFtQjA?oc=5
100,Delincuentes hacen forado y desvalijan joyería familiar en Santiago: Robaron más de $80 millones - Meganoticias,Delincuentes hacen forado y desvalijan joyería familiar en Santiago: Robaron más de $80 millones Meganoticias,2026-06-29,Santiago,Robo General,Meganoticias,https://news.google.com/rss/articles/CBMixgFBVV95cUxNZjdYZ0RQM2pDVFJWczkyYlBOWDBFQkgtZF9XNUtvVDZ3NU9kVFVkZU9MX2JRX2JrWjZpTTJJTXZadFlSUHdpM0hUYkV6UklqYW5sSldxSlF0WlhEcmpvSXBTN2I2YjI1M1Z2ZE9JbEI1Q3FwZTFOa3RId3llRHFoYWdkeElrdEJUNDluUnlLTlhBZVF4aWFOMVhMMnlobVRPRnkyZDlSNGhsVG5NS1BTYU9jdkJUNWFyVUItMkloYlJTczBoLWfSAcsBQVVfeXFMTzBjOFM0bDBwelkxQ2tIOXhDMzMzREhvWTk2bVQxV3lZVDlYMzNjLTB5dklxWjBsRThUeVA1MnpETzRvU1h0Q3hFWkxQUkxNdXpuUGJ5M2hQclBmVnVSUFFWQlF5cHA1YzFaSlBzam1lNEtFQk9OSHkwS3VHRkFDTnROYnJnY1pWSExfcnRCOHJXV2plSUx2MlFvSENwQnhGWklBdV9kbHpnRVdPVTB5c0pQSk5VcWxhR043S1A0SF9KbzVOcGQ3aVoxYU0?oc=5
101,“Rico” murió defendiendo a su dueña: violento asalto conmociona a Cerro Navia - Diario Tropezon,“Rico” murió defendiendo a su dueña: violento asalto conmociona a Cerro Navia Diario Tropezon,2026-06-10,Cerro Navia,Robo General,Diario Tropezon,https://news.google.com/rss/articles/CBMiwAFBVV95cUxOM1dDcHRPc1JJQnM3eWZwVGZBSFg1V3h5NWRJVmJLWkNsczRQWVB1eWxGd2RibXRDc0FVNGhXa01fTVVtR3JsWmFPVFdPYklxN3NVMGhhUnRJQlZxUW1ndTBuSjliQXptb09nb3JaOE9LUTJFQ2k3QVpORXA2R0cyMHlzazBYd1M5cWktNUxBdTRXUDlwWjRCZWdaSWd5NTB6SXRkU2V0QlNNMndoSzBCR3hUdm5JNF84UGF0ZEdwYm4?oc=5
102,Detienen a presunto ladrón dentro de casa en Santiago; ya había sido arrestado antes - PostaMx,Detienen a presunto ladrón dentro de casa en Santiago; ya había sido arrestado antes PostaMx,2026-06-25,Santiago,Robo General,PostaMx,https://news.google.com/rss/articles/CBMiswFBVV95cUxNZE44Q2FSNWZtVEJUckFEQ0o1ZXE0ZE9HNEdnN2IzSnAwWEdpNUdPWHA1OFN3R1JtYTh1dERjY2dpUzBJUEdBamdlSWFpMm04WExMVHRKLUZzZlg0aG5LSWYyaV9BY28xdkZPZy1WMTczSTI1NUJiRVdQNnVqbFFrMTNVRGNJSE90R1NYazNiMVlkNkJLdmd1RWk4bEUxREcybE5ESzJCZERWUzlTWVcyUFZmd9IBuAFBVV95cUxOQW5Pa1dHZGR1MjR0bVEyOWJHUXFtNDk3M1BmYXpJOHBMQUhJOW5XcjVxSTY0ejl5UV9wZnpsUmRZS2xCNk51UmR2akFMUExGeVpzWjNvbVpHQTA1SHZaemUxUHZTYWI1MlBEa2I5Q0xVZWRXWkxUa0l2NDNzcFpFeWdwaHhvdzBONnkzME8tdmN4TFFqcHJPWHBPaFBWUU9POHRiQkdfckRkSXRJV19aX3I1SzZwQWdy?oc=5
103,Disparan contra casa en Santiago y dejan amenaza de muerte: víctima acusa extorsión por $10 millones - ADN Radio,Disparan contra casa en Santiago y dejan amenaza de muerte: víctima acusa extorsión por $10 millones ADN Radio,2026-06-10,Santiago,Extorsión,ADN Radio,https://news.google.com/rss/articles/CBMizwFBVV95cUxNTllxNTdjdFBiZkRzYUhHckFnRWpHLUdrZDJRT3NKdGg0LXhpczFKa3gyTnk4ZWk1NGtFSWNPVnZFaVdDdzJOUl9yNXY3MHdGNjNrSnh4T2hvZmN4V3hFV09ib0llWVJJRTV4Q1RqTlYxQXYxVXVJTnhTSnpTRHFLY2tDdE9Cdl85cF9fYmRJS0xUY2k5aEQ0T09xaXpGNnM4NHgzUl9HSWYyWFp2cDF1d2lYcnYxQW9oaUhhb0VIMHBOQzJ6aTExRnNLUlJzMHPSAeMBQVVfeXFMTWoyREtoMmxMUHU5WmlmLW5VSTFfM1VoRU9NWl9yMlQ1bFZXdURVbUdmVGt4bXNlRjRoOWFXQjMtTnN5ajR4MnlsXzdaQ0FGbkFMbktveDFZVGY1TlVTaXMtVmRMTEljMng5ZUhTUkFTRDBqNG1aNzBfRDNKaFZ4ME03NWxVVFFSWF9reDBRamN3R3lTWnN1UjJpOFI0cTJ0NTZCUXZlYjN0cWVQQVNfeTdCdE1Mb2M0QU01aFdweS1rUDk3bDJWZmlwRDJCelloMDBRTEE1N1dqLTdjQXdBaDlLa1U?oc=5
104,Fiscalía revela nueva funcionaria bancaria con vínculo con Tren de Aragua: es ejecutiva de BancoEstado - BioBioChile,Fiscalía revela nueva funcionaria bancaria con vínculo con Tren de Aragua: es ejecutiva de BancoEstado BioBioChile,2026-06-08,Sin identificar,Extorsión,BioBioChile,https://news.google.com/rss/articles/CBMikgJBVV95cUxNMzB4RzFBLVQ2Qzh1QlJrb0tSVVFDQ3BUejgyajgzY2k2SzRlbV9pTXRjVVFRaHpTeFQwNDNPYUxHZDZ3eDJMYmdzNFdtNkQ1NGRySW9UcHluWWFiNlZhb2E1X3NXaUItOUZQa1U4NmZRRGZhblR5R2pWM0g2UnpiYVpDXzh3eC15TW5vam00SzFvRXJCem4xUjYxVXdpUThWMWl2YW0wcnZiaTcwTUZpUzJWUmtOLUdKNE5zcU9ULVBjMVp2enJrYWd2WTBLYng2Y05uOVZjMFB2N2w0b1J2Y0l3dUJlZ05QT284RVZ0cE9IOWV0WVNWWTFTTUlWeC1ER09CZ2FBQ0U5bGdXcTcya1VB?oc=5
105,PDI allana Banco Santander y detiene a un ejecutivo por posible vinculación con el Tren de Aragua - BioBioChile,PDI allana Banco Santander y detiene a un ejecutivo por posible vinculación con el Tren de Aragua BioBioChile,2026-06-02,Sin identificar,Estafa,BioBioChile,https://news.google.com/rss/articles/CBMihwJBVV95cUxQUWJLUHZtTG1MeFJtRW1CQXRNdFJld1dPX0dpUDJwSWNNRHhhcDU1Q1k1U05yZHgybnlMRnhiLXRBalp3Y21XNEdvUXpCbU95UGNxcnpUYWhWemhFM3NSZFJkS05mbWpqdVpXa3ZJSW5nZkF4TlJFQ3ozelY4VEtScXBacm52THcweTN6LVZIU3FaWFVtUGF5SVg2VlJIRDktNVRUVFEweWx2LTRNNGFhWGZURTlGUFA0ZmV0V2ZJNVRUYUtfaWYtdFBIQkdxTlZMS1dpVTYwMXY3YmxTT1VTZDlSY3VlWUZXSWhwWlBLVGRCZTJ1RXFWY2FpQkNiblE3YS1ySnVIOA?oc=5
106,Red del Tren de Aragua blanqueó casi 90 millones de dólares en Chile - PanAm Post,Red del Tren de Aragua blanqueó casi 90 millones de dólares en Chile PanAm Post,2026-06-03,Sin identificar,Estafa,PanAm Post,https://news.google.com/rss/articles/CBMiqwFBVV95cUxNakFsY2htR01aVEhQaVZDTzJuNWRyaUNIdVVVWGtUN1g5TlBYd0pfRTB2aFB4akZHOXdUaTlkS0pVanJGdnEtamtybHBoYjFXWVl5OG5ndWF5MFlaUUdGYnd2Q3VOY3BnNlpvcWF6clhsU0Yzb20tdUZOUEd6ZmthdWtPQ2t2UHVsbE1oTVJVZTVfbVNKOFB1d3hQdldKa2V2NWgwc0pxNTVHSWc?oc=5
107,Hombre de 83 años es detenido tras confesar el femicidio de su esposa en La Pintana - Teletrece,Hombre de 83 años es detenido tras confesar el femicidio de su esposa en La Pintana Teletrece,2026-05-30,La Pintana,VIF/Femicidio,Teletrece,https://news.google.com/rss/articles/CBMisAFBVV95cUxObWJKNlhnRHJJTHhBQlVraG5xcnU4UEYwYV9YZmlBT3pZZmVfV2x6V25aQ0tLcGRDTEM2a2lqckZXZDVTN1ZOc3hORXlyenZMbjlFd2t5UXd0LS11bHk1bmVxREs1M2dKUXgzOW5Ed0RwalZHZTdzR1g4VU9tVDdFcFh5QWI5S3d2dUF2MjgxOVkyNUEwM3BrcTBIRTJOa1NscERkYkdSeThxcTJmVlZXVg?oc=5
108,Capturan a sujeto que prendió fuego al departamento de su expareja e hijos en Santiago Centro - Teletrece,Capturan a sujeto que prendió fuego al departamento de su expareja e hijos en Santiago Centro Teletrece,2026-06-28,Santiago,VIF/Femicidio,Teletrece,https://news.google.com/rss/articles/CBMiwwFBVV95cUxPcW1udXBxWmJLcHl4UUNoUzNyeUN6c1o3c1BfaUFXdk5nY19PRlpuT2c2SFdTVzF5am5NZW1Fdkc2Q3FMOTllVmllVGx6ODN4dkdXX2JwUkVta3dxNXFRQTJHZlRYblRjaGE5N0ViTHkxZllfM1lpMHFZRHljOTJBTlczWUl6bDVYQzFpa0c4a08xbUJrLWxjNXVXb2h5NTN1c0FxYW5MbGtLMm9ZRHhvd1p2RnBRVlZFQmpKdFNzZGdIRWc?oc=5
109,Detienen en Santiago a hombre con orden de aprehensión por violencia familiar - MVS Noticias,Detienen en Santiago a hombre con orden de aprehensión por violencia familiar MVS Noticias,2026-06-10,Santiago,VIF/Femicidio,MVS Noticias,https://news.google.com/rss/articles/CBMizAFBVV95cUxPWFNIT09zeTl5Q1BaYnBOS1laOU1DbWVaUVpKVERMOVlKZ2I3Q2h5WFA2OFJDVERpeFZEMm9IQlBxUUdqMC1RYUN2b1VRaExYeTktQ2NNYUJFZVdxaXowRF9yckNhek1GdkNSbk1QUGtleWlDa0V2QlZUNVFKQjRQRkRQaDY2eU41V1Z5bWJpeXFJeW9BMXQ3UFo1N3hsUElkbGhMSExvZE0tb21NZFY2OVlGaUE3aUt3Y09ZMF83REFYUkoyTGlRcC1MdmLSAcwBQVVfeXFMT1hTSE9Pc3k5eUNQWmJwTktZWjlNQ21lWlFaSlRETDlZSmdiN0NoeVhQNjhSQ1REaXhWRDJvSEJQcVFHajAtUWFDdm9VUWhMWHk5LUNjTWFCRWVXcWl6MERfcnJDYXpNRnZDUm5NUFBrZXlpQ2tFdkJWVDVRSkI0UEZEUGg2NnlONVdWeW1iaXlxSXlvQTF0N1BaNTd4bFBJZGxoTEhMb2RNLW9tTWRWNjlZRmlBN2lLd2NPWTBfN0RBWFJKMkxpUXAtTHZi?oc=5
110,Candidato Santiago Botero fue desalojado de su casa tras impedir el ingreso de su esposa e hijo; tiene una denuncia por violencia intrafamiliar | El Colombiano - El Colombiano,Candidato Santiago Botero fue desalojado de su casa tras impedir el ingreso de su esposa e hijo; tiene una denuncia por violencia intrafamiliar | El Colombiano El Colombiano,2026-05-30,Santiago,VIF/Femicidio,El Colombiano,https://news.google.com/rss/articles/CBMikgFBVV95cUxNSTJHX1ZVdURxWTJfV011cUw3MVAyVEpjWFh3VkVDV3BFbUxCN2gydzhUWmwwRWdIR2VzQW5GLVFZOVhQVnAzY0I5elVlRWxwellPTFFodFYzZEtjYkFIMi1VS1FUSkU0Q251U015ZXlfRUl0TnR0aF9mc3d4cVRwNG8zQWl2cm5LZDZyYjRiLUtKZ9IBlwFBVV95cUxORDNDdktoSklLN1diZmdzVzMwNzUwa2tVcHB3UE5FQkxqY3hLOV95Rkw3LWw1NU1MYTY1QkNnOTJoYkRvNFhqM2UtQXF4LUpXZDJrZmhoWDFFbnZaSWNDaFpHamZnalFCOTRaR0MwUnZBazZBTjFjbEp3SHRxcjdmUTJMLXVsdC1FRk80cFVYZzZVaEY3WjU4?oc=5
111,Detienen a presunto autor del incendio que destruyó un departamento en Santiago - BioBioChile,Detienen a presunto autor del incendio que destruyó un departamento en Santiago BioBioChile,2026-06-28,Santiago,VIF/Femicidio,BioBioChile,https://news.google.com/rss/articles/CBMi9AFBVV95cUxPS3ZyU3Vpa3lNYnVUTFZaNWNvdG5pbjgzZ09oaGY3ekhqY000MjJ6NTlwZmJoOS1zYURiSkJlZFdIb2FjRXRPbHFYRUxRa0R6bF83WkxKOUFQNDFmbF9IeWwzcTBYTjJSRVFaaTVJZV9temo3Tkowc0pxRk9Ic3hvY00zeGw0djlxSDlqZFU5UzMzUkFhLU1UV0pLYVJtUWZMVXlYRkwtcWdnTXZobVVPVDRhWmVqNE9uSnpnekJFcE1NeE9faEVMdVd3Yi0tS08yVktTUW04azlmbG5ZZ05CSDRKOTJXajZ1cFBsR2hQNmZZdzVy?oc=5
112,Video | Candidato presidencial Santiago Botero fue desalojado por la Policía de lujoso apartamento en Cartagena: lo señalan de violencia intrafamiliar - ELTIEMPO.com,Video | Candidato presidencial Santiago Botero fue desalojado por la Policía de lujoso apartamento en Cartagena: lo señalan de violencia intrafamiliar ELTIEMPO.com,2026-05-30,Santiago,VIF/Femicidio,ELTIEMPO.com,https://news.google.com/rss/articles/CBMirAJBVV95cUxOTlk2RU1sWDctSjk3Xy01QlI1bVY2YW5KNzRBMWEyMDk2Y0FkMllyempMT1F5dFNsRlRKeGJtUVh2QldGNy1FZ1AtT0pjREtsNzU1WDNRSGcwMGR6WkhNSjlOOVI4eElfRG1leWVnR3IycVd1YUtwX2NmcDhwd2IxcnZDYjRiaEg5NDRGMVMzS3ZWRE02Mm9Ba1FPUk5YMnhIcEc5cmE4ejFwNThKeTVIbGVCM0FoWnhHY19qdlQyQ3FISk4yMGE2Yy1KcENXbEM5TXhyV0Y5ZzlRSUdjYW9jVWhCQ2sxT1Q0cGEtX3FvVHFFbmFEeHF2U3ptcWw1R3d0MGdfSjN3d2E5T3RraUdYRGVuNjFnTm8wa1A5TGZLb19selVZWHR0Q3VtLXLSAbICQVVfeXFMT1hmektCTlN1bTZpM2dsRVZMSVVZc0lzcVRCMFZheXNWSkJRbVh3VlpoNHZ1b2JZaVFxYjdYdzIwLXVJVDBHdVlyd19GZUlQdExINEZmaXV4cHhRVUo0U19MVXU2czNzWF8wN1BKQ1NRR0VpdW1udU14cU1zNFVnRDlNTUZKYzA2bTJEN0N1M2RzTnhvNGp2UWVpV3pfYXctYUdnVUswWTBQOUxGSFByR3NLUlY4aVRzdVFQeXhvWEZOaHF4N1RaalJpUmhHNzhaaHo4RnZENVlxUjZfYWVRTHl3Q0ZPbUgyc3B2dy1OUFhNRWZlV1d0N1ZQY1VLQUdqLW5XMTJ1Q2RGN1kyR0tCTFRHeDcyd05vOEZ1Y25qX044ZFpqMmFFN0FlVFI5NVZ2YTBB?oc=5
113,Detienen a hombre acusado de incendiar departamento de su expareja en Santiago - Insular FM,Detienen a hombre acusado de incendiar departamento de su expareja en Santiago Insular FM,2026-06-28,Santiago,VIF/Femicidio,Insular FM,https://news.google.com/rss/articles/CBMipwFBVV95cUxNWkdrYzQyYVBJMWJZa2JfU2xURnhfUldpaEVMaWk4Tl90SXlfWVdPMldERXRNYXRMcnZvcmtKcVNaMFE4M2V5VGx4WTQ1a19jdzJYQWNzbmFNV3R3UXU2WFBXdGhuUUd1X1l5dUVpRFFhS2p1SUhlYkIxeGxGcHBOWWJUYWZPWTEzN1BmaEFLZkNEY0d2dkZxdExBR1g0UDdseGVBd2hhTQ?oc=5
114,Detienen a presunto autor de incendio intencional que destruyó dos casas en Santiago Centro - ADN Radio,Detienen a presunto autor de incendio intencional que destruyó dos casas en Santiago Centro ADN Radio,2026-06-28,Santiago,VIF/Femicidio,ADN Radio,https://news.google.com/rss/articles/CBMixgFBVV95cUxPa29VS0ktQ2xiSVlNMHZ4SmNHajk3Z05NR0hEelN6NG5rdzVscFpnaTU4R0g4QlVPa2lEaGpDRURoem05X2ZqVXIwdlZ2clhZV3ppNVZ4SVVfRlRPc3NybGtERnl6SmtFU3JVSU9XVnVkYm9wSkV6Ty1FdEktSnhHWXI2WU5aT3YydGdXMTNsbmx2QWp6SDg5enBYWmgtSGN3OWdNT2otc01MZGZZYWFRUlRGVkhZa0RrWVNDQlZyd2VuY1BmVXfSAdoBQVVfeXFMUHB5U0l4NXdaaDNJckYxVkNNRjc1c2UyOG85aGt5cEh4SDRZSndrV0tBbXFSR095Y3E3VEI5Y3FWeUNILTFKNC1QWmNHekpwNjAwUTdINUJ6cG1WMXpmSmN4Q0N2YW1uM1BnZXVDUmM3eXdaTlU0RVJ0WDNRVkR6VmJYUHFHSk5EZ19tWW9BTXpXNlJZMUdVeklOR3F0SkhmVUlxVWpnaDR3M1lJQ2h1U3ZNNmdiaElUaGRDX0Q3My1JWUtLTGUxR3pMRnk4ZzVRUHlwUUhwSTZFRnc?oc=5
115,Detienen a presunto autor de incendio que destruyó departamento en Santiago: Expareja de una de las víctimas sería el responsable - Meganoticias,Detienen a presunto autor de incendio que destruyó departamento en Santiago: Expareja de una de las víctimas sería el responsable Meganoticias,2026-06-28,Santiago,VIF/Femicidio,Meganoticias,https://news.google.com/rss/articles/CBMi2wFBVV95cUxQR2ZXaWVWdlhTMUJwX1VrYWZFR3lfLTY2c0VTcXAwdWt1MG1kandSZVI2M0c0UExBaDBjUlF4cHdUb3BsZ2R3aVFqSmFWWXl6WUZaSVFtUl9iOE5PU3Z3QjNfZFNWc29RbGp4Mk41ZFFRV2RLNTlOQ0RkTXVNanNDeGRuVzFlWEs2TTBmZzgtMjRZbTJIYWh5aG5MNU9CRHRaZG96QXZhTkpQODhvODJ2WkF6YjBEeU5TNHhlcXJjdk5OVmVmTk1fajN6RWNjeGFRZ0g1bW9BVDUtNFXSAeABQVVfeXFMTUlmZVJmY0RXMktHbEVsRWVVNUU0cWJOMFl3SUw4THZkNFROSk0tQ3dxQnlWZU9oVTByY0RyV2FtVWc3V0hhSzZCeXVtdThCdHFwdW9iSXdkWTVGX2lzY0JPY0czYnlGMUlXVFhBX05Ba0phSHZVWXlseE1IY2pXMkswUDR5b0JzZ0JnbGlyWld2eXRDUlA0ZzN3Tk5ILWR2NmJVLXZLNzhWaWROWTdLSW42NFFTcXM5QjdudmRldFdMUHl6LXRUQ2s5QjA5Q1B6RTZDM3MzT25IemRpZEZaSnY?oc=5
116,Santiago Centro: detienen a sujeto acusado de quemar el departamento de su expareja - SoyChile.cl,Santiago Centro: detienen a sujeto acusado de quemar el departamento de su expareja SoyChile.cl,2026-06-28,Santiago,VIF/Femicidio,SoyChile.cl,https://news.google.com/rss/articles/CBMinwFBVV95cUxNVTFEeTc0Q3VtNnRpaVZ1TWsxX0hjdk1iV3JpV29FZTFiTUF2TVo4RzJ1UmpxN0FzSUxQeG9CREtXNmZzU1BvRmNSXy1aOUZwMl8ydF96Zzh6dWFxSnZXdU1OdzRYRS1zUVBTZ2NPSFZLM3d3MHZZVXRlbWxKQXN5ZldLS3pNT0hkYk1QZERwd0UzUkNRNnVYLVRGRF9TSnc?oc=5
117,Detienen a presunto autor de incendio en Santiago que destruyó departamento familiar - Radio Agricultura,Detienen a presunto autor de incendio en Santiago que destruyó departamento familiar Radio Agricultura,2026-06-29,Santiago,VIF/Femicidio,Radio Agricultura,https://news.google.com/rss/articles/CBMiwAFBVV95cUxPQ1hURFV5aFJsUkdVazlsd1h2bXVVLXA2ZHNuRV90UmVWYUpseU5UMzFrSGI1MVI3amtnNWptYVQwVWF2Z3VubWs4OVlQMEtab0Q4dmNCd09FVjRTazZLUlU5cnBuUnU0Wl91aVVNQldGTFFkbzBVNnJQdmQxTUJ4TjUyZ2k1aUlrck40LWpVanF2bDg5VlhEcmp1c3U2bmEtZjg1a0JGbG1KNDZaX1V0TVF0WkJCdWRmLVJjNUxyMnM?oc=5
118,"Ejecutan desalojo del candidato presidencial Santiago Botero tras denuncia de violencia intrafamiliar, faltando un día para las elecciones - Infobae","Ejecutan desalojo del candidato presidencial Santiago Botero tras denuncia de violencia intrafamiliar, faltando un día para las elecciones Infobae",2026-05-30,Santiago,VIF/Femicidio,Infobae,https://news.google.com/rss/articles/CBMijwJBVV95cUxNOGFjbW5kZFdHRGQzcC04R1hZNmkwX18zVnVoSHNPN1VaNV9Hb3ltazBqek8yRHMxM2c0ejVXTHhFOHBQeHlrZjZsNmVjU0QxTXpJQUMyTzcwRU44QTQySDFsaEE5TTlsWk0yNHp0VV9rMlVoTmJjRWNZamtld1pKeUVUWG9XSHFMbHVFUlY1V2pwY0VNd1lva2JkdmdpSHlZTy1IOHdhaHZqWTN5NnNvS19DRzFLNWRXaGJ6SFdBWnBDRW1RY0Uxd3cwQnBibmdROHMxdFlXNWZWMGs3Y3NnVkl0MVdiRUphUnBqVElKUndnbW1mY3dpel9xbzAtZTdybmU2US16MzdpQzZ3R3dv0gGqAkFVX3lxTE1vdGF4X1UzaWZicDhzUVNsZFBlc3JQZUhzUVJsTXEwRU5LdmNWdzY4U0Rsb2FvQ0cwdkpXUUVwNTBrRUtOTXZYUENfeVFFTmQwUEc3Y2R3V2ZMUURoczRGeXA3Uk5Nd3NoRWFBYzZzSHVYeTdLcDkxazFWZFRYYkttR2ZHbEhrV3NYelZMUjdmUDRWRzJBWUJGM2p2V0lCMkpNREtveVhTLXBkSFdCU1hyNHhtOW0yWGpZcFBTZXh4TU51bnZhZmhicHZyWmsxdjQxM3VuXzg3am9vSzZJem1pWVBabFA2RkR1Z1l4X0haS0owMTc1eTBwZEtnTTI5OFNQaEZhakZPUGZ1b2VLNmFsZDFwQ3M0OE9saUFuUGUwODNNSlJSM29oMUE?oc=5
119,Un adolescente de 17 años fue detenido tras la denuncia de su expareja en Santiago del Estero - Infobae,Un adolescente de 17 años fue detenido tras la denuncia de su expareja en Santiago del Estero Infobae,2026-06-24,Santiago,VIF/Femicidio,Infobae,https://news.google.com/rss/articles/CBMi4wFBVV95cUxOWWc2SXNORVJNS2NBR2Q0MmgwZGtwNWJuWVl1T1ExR0piY24tX19PdVlXNXl6SVM2TW85M3Vram9mMjh2M0FscGxGUzAxM0tWdE9GU3o5SVBzM2UtZXBoUDRBeFMyNkVMeWRNYThYaWZTTU9uR0x2WWhSYkd2Zm15SDRBLTdBQXZFVWVDMlQ2czJ2TS1JeUxhNlRsRzh0SHhxMVoxRGtmS3lrV0hGeWRpb2hZNGlsWDhkMXA1SkNyVWhzQjlLN2hpbWloRlpVajZoOFc1Tm4zWmVPQ19zNXc2WC1RQdIB_gFBVV95cUxNazlELV9ORllyOHRha19UYTZOdl9uVHl5dWZ3UVluVUF0WTNyeXgwUEF2QlNDd1dzbzFkTlhDRHBGUFl0aGhyS2I5Y2pVQjAxYmhNQl8yaFNqcWRwQnJJYWNLUVN3MFBOZ1E5dWNvNTdxLXl1OUJmTFl4NWpfX2VnbmNUTlVZQmhBblBCUW94Q3VyN2MwRXd1bjNiMDdIV3hnajF4QjM1SGQ5bnJVSmF6RWVmMzVNckNHeWFnNXNSYm1nNzBRNWFKb2syeEJWY2JFQkhLOVpmRE40M2UtQW5ZZEk3eUFjSXZWakl5Rl9NY2g0Qm1pU1RtXzVzcHpVdw?oc=5
120,Detienen a un hombre con orden de aprehensión por violencia familiar en Santiago - PostaMx,Detienen a un hombre con orden de aprehensión por violencia familiar en Santiago PostaMx,2026-06-10,Santiago,VIF/Femicidio,PostaMx,https://news.google.com/rss/articles/CBMiugFBVV95cUxNVHNackgwUFJZZmpZVkJ2bHlNY3BCb0NDYmRCUmVVdDBqT1JJVmFnN1d4U0dyWWJQNGdrYlRuT0JEM2M3dFpaUFk3VmRRVUhfLXJ3MEdpWEhvN3dISzdiTTE4TmN2cXpQejlOY1Ezc0Vab0ZlUEUxUG5YdDVXYkNFRlYtY2hXRG5BR1FlLVVEdnFlTE5PZmY2M3NVN2wwYmJrVnhPLU5wczVweTRGelZlaTdwUkcwYjhMTEHSAb8BQVVfeXFMUE5tSklHTElJQXBndFp4ZDFXOUpxbzRUQloyQlhIdWpwWHJnZjRtV1JjQmFGcmJacFBQdElGMXV1eTVrcDBZTmNIM002S29ZQkZ2WTJ6TUlMd1pmSnZndmFjaHUtYWxTRXR5bHlTend4b05IWE5MbElnM1ZZVDhqWlFOZk5aMFhqd3NTV2dfc1RURWdDZ2laWE5lZURwUmM0aXU5RkxyRFgxSmpzSHpJTVN2M0RNdnFQSDZWU2Zfd2M?oc=5
121,"Por receptación de especies: tres detenidos tras operativo de Carabineros en La Pintana, Santiago y Puente Alto - La Tercera","Por receptación de especies: tres detenidos tras operativo de Carabineros en La Pintana, Santiago y Puente Alto La Tercera",2026-06-27,Santiago,Seguridad General,La Tercera,https://news.google.com/rss/articles/CBMi4AFBVV95cUxQaGYzTlZMQmNvdGgxZmFSNlZDSzExcGdGRHRIRS1nXzkzRVk4cDZQbnpka1ZMbmFDVFVUeUdnRzA5TG9kaHNpM3V6VFBHdjNLZFZmSXl6ak4yRXBSeHJ5UGRFck85LUdmZ3ZXcEd1cXBaNjdKUW8wVDhOYU95Z3UtNUxDeGFDUkx4MjRYNmRvOXRINTQ4eE1oM2pCbENmNzVoN0Q1S2RIanlubERzS2VxT2d1cTl3Tk40SkZlbkxRcmc4aVhhZlV2QXYyZGxoLS1kMEdLOXZ0em1Ddk82dUlOa9IBggJBVV95cUxOeXBSWVU1ZlRiTFZnUXFxMWJrc1lxQzVxUHVEXzZsWGVGOEpkTG4yalhsOWhITXh4SjNsa0lzMGlTdW5aTlgteTFIaWFSQWxDdTd6SmpONzVFU3RJU2ZpWUVjclBFTU95bDJOTElMYU50Y0U0ZUZQZmZ2Yi00X082UTdiaUxRNGZWdk92SHpWa1JXZF91b2k3WlJ4Q0xJaEwyN2hRTGphcTlLQnRzdFBKSzJLVmdSX2dhZTB5YlZKQ1lXc1RlSWhDRUJrWTZtMm1wUUZZQVBFWjlxRzgxbDJHMVBRaXppOXlHWnVLeTVmQlhtUjNaUXdtZDdvS0NVTXExOUE?oc=5
122,Captan tenso enfrentamiento de guardias municipales y carabineros en Santiago por control de identidad - Canal 9 Bío Bío Televisión,Captan tenso enfrentamiento de guardias municipales y carabineros en Santiago por control de identidad Canal 9 Bío Bío Televisión,2026-06-04,Santiago,Seguridad General,Canal 9 Bío Bío Televisión,https://news.google.com/rss/articles/CBMi3gFBVV95cUxNaWlaVS1mV1k4Q0xIVGl5MGVGZnd5bEhtV3pwMzdCZFF4ZTNpOGZyR3VmMWItMHh4Mk1pTE0yWjZVSHNJcG1sSWNVM1gwNUd1Yk5yZW5ieHJhVVBUMlJrTzUyS3BoVXJLVUJJZTFqUmVGLUI4cGw3WUhpUF96bWFzWVZNenBCY1kybkNBczBZM1B5YTVSc0pFZHpVTlhxSzlEZHdqcGdOQUc4dGp1VmhUOTBWWTljV0RJQ2JPNGYtWk00c0xjb0hNTjdnZGcxemFENGJuQnh1VHFvSVhyR1E?oc=5
123,Plan “Seguridad en Movimiento” de Carabineros deja cerca de 500 detenidos en Santiago - La Tercera,Plan “Seguridad en Movimiento” de Carabineros deja cerca de 500 detenidos en Santiago La Tercera,2026-06-14,Santiago,Seguridad General,La Tercera,https://news.google.com/rss/articles/CBMixgFBVV95cUxPam9Ud1FaWjVUak5yN3h1a1BSeThfc3F0Rzd3MnBRcmppR2pBU0w4eHBhR0k2dlhPcUxFd2toSGs0bllWa3lIQjI3bDN1anRmQ3l6eVBCNWVfMlNpUnVlTEo2OEwzOXdMbHJBQm5QekRNWmx1WDB0MEtpV3RlWTVkMk1FZU1Xb21EejdzMExvanZkZFJSVjdHUU9WNmpTdkJRQkJXZXl6MzJBbS1faVVmNG93VlJiVm9HOUp5TUxrVm8zd2x6TFHSAecBQVVfeXFMUGpFOXByR09PdHZsbFpyaHFDX3Q3S04yYzJoNWVCLUplVkRDOVdBQjNiMDJJX3dVZHpQTkwtYzZTLTRWeEdsQTI1Z0g4a3hRdXNZZWNNLXRDYkRBMjc1c1lKXzIwRnhyblMwYU10cjBoVkQ1SnBkLXppa0c2S2tPVWhuUnE0bmJlU0txdl9pUi03REx0Vy1GMWFyajVMQWEtREUtTmRjT2czSTFHTWhkaEpSWGtYOVE0R2pPYjJkdHBob1hqaGxOYzg5Y3RGQTI3WkcyQWZYR2hDc0dqampYbDVfTzlPUWtF?oc=5
124,Carabineros mata a delincuente tras llamado por presunto secuestro en Santiago: hay otros 3 detenidos - BioBioChile,Carabineros mata a delincuente tras llamado por presunto secuestro en Santiago: hay otros 3 detenidos BioBioChile,2026-05-31,Santiago,Seguridad General,BioBioChile,https://news.google.com/rss/articles/CBMikAJBVV95cUxPaElYeWdjX2kzN0tkUXFybHBaNERpeWZGODZ2VHpuZ0N1cWJoZ3RybWtXU242N3RJX3JiM3Fld2V0Z0p1TTdkOW1XRVl3MnNKWEx3aDBqeXVDczhvcEkxdzAtU2VIVkpfWndmbUZ4WmFTR05vaHNtNzdjUUFxSkFoV2cxeVItdFhrMU5HaXBoUVJXVFVhcVBfZmlxbGRJaEtzUC03VW45QTB2aFhMSzVrenFGZkI0eXJmVEM4ZkNyenpERl9tRHpBcVNqNU94b3BVaWRlZ2pPdldiNUpqY0l5ekV6VlFaVU1UcXItQlhSV2VRSUk0d2tUN05BNWZMLXpNMDlRbjMzclptY29qdGJkYQ?oc=5
125,Aumentan a tres los detenidos por asesinato de niño de 12 años en San Bernardo - Teletrece,Aumentan a tres los detenidos por asesinato de niño de 12 años en San Bernardo Teletrece,2026-06-23,San Bernardo,Seguridad General,Teletrece,https://news.google.com/rss/articles/CBMirgFBVV95cUxNWXdudXE0bmVXOGxZV1FYQ3Nlc04tNXNUWFQ5WEhoU0I3TFNGNlRhakQ0d3hmcF94UHIyME9Ba0hnV1hBamNNN3lqN09vQm1NOFMxUEdKdWpqNkllNktfX2g3RTg2YWxxR01abm81RFB1T1hzNkRsN3N1Vk5KRl9qSUx1a3BUZ2kzekVQT2pGbkZ5VEZiejEwYlZoSUlNQktKN2JIdVRLSW10RmUxYXc?oc=5
126,"Chile: al menos 19 detenidos, entre ellos ejecutivo bancario, en operativo contra el Tren de Aragua - Los Angeles Times","Chile: al menos 19 detenidos, entre ellos ejecutivo bancario, en operativo contra el Tren de Aragua Los Angeles Times",2026-06-05,Sin identificar,Seguridad General,Los Angeles Times,https://news.google.com/rss/articles/CBMi9AFBVV95cUxQVnhqUWZVX05ZZUYtYUV5ZC1aSl9yTGxiTk50V29ZWWRoMXpWX3JrdnBtdEExRWdjSmo4QWE2NHNvbzBpc3BEMEsxUHNLejB3YWZ6dnIzOHZGV0JBYW12cThQbFl3TG04TWZaYkV5c2liQzY4X1M0eUJPOXB6cjRROFM3UHZVMi0zQVlOd2toX3ZGU01EOHphekt2RmJQQVNMSW5tR0c5eTdHNE1JRlRWWWhKeEdsUURUd1dkNV9EWXllNXpSUnEwam95MWFRQUZrZENscjFFY2c2LTA0a29ybVV2em1Ra29id29LT0VmZW9MeW5y?oc=5
127,"Chile: al menos 19 detenidos, entre ellos ejecutivo bancario, en operativo contra el Tren de Aragua - Seattlepi.com","Chile: al menos 19 detenidos, entre ellos ejecutivo bancario, en operativo contra el Tren de Aragua Seattlepi.com",2026-06-02,Sin identificar,Seguridad General,Seattlepi.com,https://news.google.com/rss/articles/CBMijwFBVV95cUxOYVlkVGNmd0VidGJpNDg1WEhveHhrNUtUb3l3T2l2eG4zelZRanNYQ0ZpQTYxWllOeTZZR3lraFBsNnhlRUdESGRUSDlTNTR0US1oMElFeWJUR2hzWDhhQi1DeEhmdTM4TXpiY3dmOE5sZ3VzUW10MElCR1kzZHBsNTVLU19rUmNSWHc2ZldVYw?oc=5
128,Operación Tokio: así fue la caída de la célula del Tren de Aragua que movió $ 78 mil millones en Chile por orden de Carlos Bobby - La Tercera,Operación Tokio: así fue la caída de la célula del Tren de Aragua que movió $ 78 mil millones en Chile por orden de Carlos Bobby La Tercera,2026-06-02,Sin identificar,Seguridad General,La Tercera,https://news.google.com/rss/articles/CBMi_gFBVV95cUxPdWIxOWN5ME1VckgzaWtyR05TVEdnamZzWHZ2V2JXcmN0TVZXX2U3QmRQV09JZmNaM3hNM0JiM3BxVE9YQS1lOFJMenV1VkV0YkVJdnZoSUU4Vk9pTWx0UjVHV1ZCMHVXZXJtWTZHcTNRLWIwMTVjVGpueUVCcHU2N0Y4THZwZE1GQmpuM1FiZ1l0ek5tc25xT0h2REthLUtHWllfdnlDWndLZ1hZanIzOVAxZEZLVGZNTV95VVZhQkVFMnpNajUxZEM3X0xjMUJZNEpkZVdwR0lTczNycFh4TEZEdm9oVVR6dmp1aGZWRG1BTUZKb0FSNlFSU3BfQdIBnwJBVV95cUxNbVF6aWRWYl9iM0wzSmV6amtCeHZUYlRmZnkzN2NDR2dDN0tpSVZaMmRWNlJuQ242Mk5WdWUtN2F2NmxSTTd3TmNMVEhfdnNQX2dnSnE4LXhYU0tiZEM0MldHTUdwOE4xaU1oMlFOQmtuV0ZxdG04LUo2S2xlNHF2T0d6b2xUY2x5TmJaUUlDR29TeEZlaER6ZTgxalBUUkU4RzZRdkptdGxaLTZRT2I4UXVnUGlKUkJlMzdSVlg4ek1pYmRoXzNGMHd5NU92b09PU2lhV2s0cm4yektrS05jOTJkV2hXYlZjc2tNdEhuWS1Vb3pUTmF1T2d1cmNMVGFoU291ZFo1WkpzeERXcFB2Y1c2VTNNUmp2ZGZpblhjMA?oc=5
129,Operativo “Guaraní” desarticula red de trata sexual en Chile: hay 10 detenidos en cuatro ciudades - ADN Radio,Operativo “Guaraní” desarticula red de trata sexual en Chile: hay 10 detenidos en cuatro ciudades ADN Radio,2026-06-02,Sin identificar,Seguridad General,ADN Radio,https://news.google.com/rss/articles/CBMiygFBVV95cUxNYmJLd1JUOE5EQjczZjNNd3NGNVlFaXFVREhCTm9SQlJmWjFaZGY0OGJUNXVDN3ZiaFJWZ0F6bjlZQUxvTVFTc053VllKOGZhakVfdW8yd1JJbmhDYUJWQjNhaENseVU5VkFiaVNEb21VY2ZQN3NuMlpacktHSXBzZTh5V2V2VFUxajQ2YmRRaWNQX2VfQWhhTm42ZHpsRWhnLVd1RHhjSHU0aVlwVEJKNG95R3dMUkRBMDVlWXVBVjFlRGFtOVdMWDBB0gHeAUFVX3lxTFBZWGFWaHNqeWdUdXZQUVI4NTVVTmMwZGNCbXBRekV6T1IzZ05NSFlwaUdGUmFSelJuSHZfQ3JEOG9zUFdLMUtQT08zZDdkeWlKbDhJaGFXRGE5YnRIUy01WE10UVg3WkU5VlVkQTVFM01zTXp1aWdxOHpCQXNRZEhFRGR1WDlvdUZkaFBCZlUzc2NwbVR1YjgyUm4tUHVSQzJpQzZSNlQ1SEgwQVdCa2VLYTJreWJQZ21peDIwM2dSNFZwQ3pOLUxOam5OVk5yazljNDExSmNJWGhpUldtZw?oc=5
130,Operación Tokio alcanza a BancoEstado: PDI incauta equipos en sucursal del centro de Santiago - seranoticia.cl,Operación Tokio alcanza a BancoEstado: PDI incauta equipos en sucursal del centro de Santiago seranoticia.cl,2026-06-09,Santiago,Seguridad General,seranoticia.cl,https://news.google.com/rss/articles/CBMixgFBVV95cUxOM2FyR1o1Qm9QLTJUWGZLV0NUNTk2X1doZFE1c1FRRG0xb1NJUzd1SFpRN3ZUMTFyek9EVzJRd3hFSXdOX0xUNnNrNkQ0Wm1HOThRZUNCZXpaNURTXzhYQUpqLUFPTDlxZUtNb3hSNW5uOUxPZnM2dk41Z2xvaE05elZ2WHViSkFZWEZadl9Da0VVcDNlMzdTS2ZHdjN5RjR3X2hYdFIwdWVGZUxRdXZYbTV5N0lkbEIyc0t5MW4wdDJzZEViRUE?oc=5
131,Operación Tokio: Allanan sucursal del BancoEstado en Santiago Centro - estapasando.cl,Operación Tokio: Allanan sucursal del BancoEstado en Santiago Centro estapasando.cl,2026-06-09,Santiago,Seguridad General,estapasando.cl,https://news.google.com/rss/articles/CBMiogFBVV95cUxOQ0Vmam9xWXJORWZZdUhUUDQtN3pHRVVmZzRCamUzcUZPN0dLdmNVQmx5NnM5Nmt2endNR2gzakkyUVJ2RjhMVkdqR3NJeTc1aHJqX3dQX3lQMThuMXU0elRSbGpUUWFEYlBILUQyaXB5QzREamUxRGhzeV9KZEdYdVpkQnFyNlJlWEpGRVl2WFUzTTNkU25McGx1Qk85ZG9Wcmc?oc=5
132,Una célula del Tren de Aragua amasó una fortuna de 87 millones de dolares en Chile y la envió a Colombia - Infobae,Una célula del Tren de Aragua amasó una fortuna de 87 millones de dolares en Chile y la envió a Colombia Infobae,2026-06-03,Sin identificar,Seguridad General,Infobae,https://news.google.com/rss/articles/CBMi9gFBVV95cUxOaWtPRHNaSmNqbHVkQjNSY1VaMU1Na0ZKUi1JdWFJREM5R2ItV20tMnVXb1ZESi1ONFBPTmFGMXgtMl9zTXhFaUNUWTlxTjdrcGJGTmN3ZV9uVTJwNV9ic0V4TUlKMHBBYTNTczRjTmVHMWJrSE9xeXB4TmN1d2xRZV9RNVZHblhVRzNFODJuVlBHa216akFnbFk0WU41QTFWNlBUWm1BN1lMeHU3d0ZwSFp3MERFQ2hLVEhpQXpWVXBKN2JCV0NQb1R3RmJ3SllPT0tuc3pVV2V5dElvWWtZcS1GbGN1N0dOQ2hHdXl1X083dVBocWfSAZACQVVfeXFMTmNScDJYMXczcUQ3d1FZUWttZkpZU2xPVEFMcEZkNzk2NmFNSEJYTVEtMXpaU1VLdW9EM0FsNDVQLVhfZDY5ZHJqSjgyR3RoeERkczNxTnVBYl8wNUZvbHBrRjVYbnFmZzdWcmhHaTZGN1BWbktJV0Fad01aUF9zWXZWVkd3SF9ZeGR0b0tlSUxVbDJRZHRVUDNZb1NpY2hNSXZoSklMV3dyR2NXdlBQcjZLZVRfTjEtY2xBbEVzRnN0MFFrNGotUEdVN3NSc0FOMUhQcTU3TktJZ2lZbVlPdVdxcWtqckIwYkkyNU5OUXhOQnVabVgwWkN3dngxOWpGNEFpT3ZpSXFYWHJnSnV3NlE?oc=5
133,Operación Guaraní: en Puerto Montt desarticulan red transnacional de explotación sexual - SoyChile.cl,Operación Guaraní: en Puerto Montt desarticulan red transnacional de explotación sexual SoyChile.cl,2026-06-02,Sin identificar,Seguridad General,SoyChile.cl,https://news.google.com/rss/articles/CBMiqAFBVV95cUxNdWJmSDRDb1VURHpVYXRlN3VWd1BYVWp0eHZLMlYxMjBhV2RsRko4MjYzLTNRanRsWE96RzN2Y1pacE9Rd0lCM0QtV05ndnduWlNmUUtUdjFrd0FHUHJ4NFdTeV9hNDVRa2hobGpOVmNhMUphcktxVDVELUdkcGpLTjI0WUpNYjliLXR3UXBRbVgyZ2h3eWRJQmU2QnYtWUJ0c2FMYkh1NkM?oc=5
134,"Operación Black Jack: PDI desarticula red de facturas falsas, fraude bancario y lavado de activos - El Diario Santiago","Operación Black Jack: PDI desarticula red de facturas falsas, fraude bancario y lavado de activos El Diario Santiago",2026-06-15,Santiago,Seguridad General,El Diario Santiago,https://news.google.com/rss/articles/CBMisAFBVV95cUxQZWlkQ3ZNcGlEODV3RXI2OGpjWDVrVjlndDJFMDIzRjdVdEEwRU5sLWJXeDFFSVdCajRwYjhTRkVfMFNsQzdrT1VLZV9GWWc5NVRjaGdfQk5BZEx5aU0wUUZjS0NMV0ZpaFBnWXdWTG1Jc3JiUjFqZVRYVjJOM3RjOTl0a3U3cFA2eVdiWkZoWG1QLTlUTU1fM3ZuNXpEZXVWd3M5cVJtZUVfT3QtX0Jsbw?oc=5
135,Gonzalo Feito será formalizado por el delito de maltrato habitual contra su expareja - BioBioChile,Gonzalo Feito será formalizado por el delito de maltrato habitual contra su expareja BioBioChile,2026-06-24,Sin identificar,Seguridad General,BioBioChile,https://news.google.com/rss/articles/CBMiiAJBVV95cUxPa2JhS3NoUHRHWkFEV0tyTGxfRFgwOWhrUW5jTl9kQkdMSW9mYVB4UDUwcTVNa0djUlpXakFaWWhkbGo2UXg5TlQwZ0JwYWl0Nl9VcDJZRnRhZjRhY0N6UTkwcTRXUEFTcVpyT2MtRk9SSE9hNXR4S1o1TS1pcDNfOGx1TVhrY2Y5SlVNVjFLOWxVYVlVdkpsNHZBYTdnY1JGVlllS0JjNzJ6WVhwak9KOHJFZ3BFQXN6aklsSW1DWkhCeWhzQTNkMmFZR0t6U3hueldneVFWNWw4Slh3R0x4Tm0wbkttUEdjVUVQVnB3YUk3QXFZNEZiMWtjZFdkYVpSYXV0Z0ZIdFo?oc=5
